{
"type": "FeatureCollection",
"name": "房屋信息",
"crs": { "type": "name", "properties": { "name": "urn:ogc:def:crs:OGC:1.3:CRS84" } },
"features": [
{ "type": "Feature", "properties": { "OBJECTID": 1, "编码": "HMC-2-020", "OBJECTID_1": 78, "序号": "78", "村": "红煤厂", "编号": "HMC-2-020", "组别": "二组", "宅基地坐落": "北京市房山区佛子庄乡红煤厂村二区82内2号", "产权人": "朱学伍", "联系电话": "15910358773", "建成节点1982": "后", "新老宅": "新", "建成节点2021": "前", "宅基地面积": 82.11, "建筑面积": 91.08, "认定人口": 3, "是否确权": "是", "是否交房": "是", "是否签约": "是", "是否组卷": "是", "是否过审": "", "是否拆房": "是", "合同金额_（元）": null, "已支付金额_（元）": null, "本次支付": null, "层数": 1, "进度状态": 4, "Shape_Length": 35.907425787382245, "Shape_Area": 74.915183608158486 }, "geometry": { "type": "MultiPolygon", "coordinates": [ [ [ [ 115.840438965820056, 39.82272623367281, 183.309999999997672 ], [ 115.840501530415551, 39.82269279778356, 183.309999999997672 ], [ 115.840427263681192, 39.822608544255921, 183.309999999997672 ], [ 115.840362596644027, 39.822642125703602, 183.309999999997672 ], [ 115.840438965820056, 39.82272623367281, 183.309999999997672 ] ] ] ] } },
{ "type": "Feature", "properties": { "OBJECTID": 2, "编码": "HMC-2-025", "OBJECTID_1": 82, "序号": "82", "村": "红煤厂", "编号": "HMC-2-025", "组别": "二组", "宅基地坐落": "北京市房山区佛子庄乡红煤厂村西仓8号", "产权人": "朱学文", "联系电话": "13466613035", "建成节点1982": "后", "新老宅": "新", "建成节点2021": "前", "宅基地面积": 82.11, "建筑面积": 101.62, "认定人口": 2, "是否确权": "是", "是否交房": "是", "是否签约": "是", "是否组卷": "", "是否过审": "", "是否拆房": "是", "合同金额_（元）": null, "已支付金额_（元）": null, "本次支付": null, "层数": 1, "进度状态": 3, "Shape_Length": 36.827421053285931, "Shape_Area": 77.811078437489115 }, "geometry": { "type": "MultiPolygon", "coordinates": [ [ [ [ 115.840439364844258, 39.822728760280825, 183.3012000000017 ], [ 115.840362596644027, 39.822642125703602, 183.3012000000017 ], [ 115.840297929559469, 39.822675706213673, 183.3012000000017 ], [ 115.840341005919854, 39.822724064788666, 183.3012000000017 ], [ 115.840365644091293, 39.822752786682827, 183.3012000000017 ], [ 115.84036804252554, 39.822751502965772, 183.3012000000017 ], [ 115.840376899189096, 39.822762143088227, 183.3012000000017 ], [ 115.840439364844258, 39.822728760280825, 183.3012000000017 ] ] ] ] } },
{ "type": "Feature", "properties": { "OBJECTID": 3, "编码": "HMC-2-072", "OBJECTID_1": 120, "序号": "120", "村": "红煤厂", "编号": "HMC-2-072", "组别": "一组", "宅基地坐落": "北京市房山区佛子庄乡红煤厂村二区50号", "产权人": "朱树春", "联系电话": "13716883203", "建成节点1982": "后", "新老宅": "新", "建成节点2021": "前", "宅基地面积": 107.36, "建筑面积": 46.34, "认定人口": 4, "是否确权": "是", "是否交房": "是", "是否签约": "是", "是否组卷": "", "是否过审": "", "是否拆房": "是", "合同金额_（元）": null, "已支付金额_（元）": null, "本次支付": null, "层数": 1, "进度状态": 3, "Shape_Length": 41.14422532997645, "Shape_Area": 102.19396634079631 }, "geometry": { "type": "MultiPolygon", "coordinates": [ [ [ [ 115.841398262278545, 39.82461427526772, 196.490200000000186 ], [ 115.841376717331627, 39.824539093007743, 196.490200000000186 ], [ 115.84123782567363, 39.82456275724919, 196.490200000000186 ], [ 115.841258568319432, 39.82463514231975, 196.490200000000186 ], [ 115.841398262278545, 39.82461427526772, 196.490200000000186 ] ] ] ] } },
{ "type": "Feature", "properties": { "OBJECTID": 4, "编码": "HMC-2-082", "OBJECTID_1": 128, "序号": "128", "村": "红煤厂", "编号": "HMC-2-082", "组别": "三组", "宅基地坐落": "北京市房山区佛子庄乡红煤厂村二区32号南侧", "产权人": "朱孟闫", "联系电话": "", "建成节点1982": "后", "新老宅": "新", "建成节点2021": "前", "宅基地面积": 124.26, "建筑面积": 57.45, "认定人口": null, "是否确权": "是", "是否交房": "是", "是否签约": "是", "是否组卷": "是", "是否过审": "是", "是否拆房": "", "合同金额_（元）": 2276789.0, "已支付金额_（元）": 0, "本次支付": 526789.0, "层数": 1, "进度状态": 5, "Shape_Length": 41.434786431894345, "Shape_Area": 94.756651107658371 }, "geometry": { "type": "MultiPolygon", "coordinates": [ [ [ [ 115.840403465351088, 39.82357873586637, 189.437999999994645 ], [ 115.840546599962266, 39.823517889046109, 189.437999999994645 ], [ 115.840509888873711, 39.823463884278162, 189.437999999994645 ], [ 115.840368286056133, 39.823523036099978, 189.437999999994645 ], [ 115.840403465351088, 39.82357873586637, 189.437999999994645 ] ] ] ] } },
{ "type": "Feature", "properties": { "OBJECTID": 5, "编码": "HMC-3-017", "OBJECTID_1": 143, "序号": "143", "村": "红煤厂", "编号": "HMC-3-017", "组别": "二组", "宅基地坐落": "北京市房山区佛子庄乡红煤厂村一区8号", "产权人": "孙彩虹", "联系电话": "13716353988", "建成节点1982": "后", "新老宅": "新", "建成节点2021": "前", "宅基地面积": 241.6, "建筑面积": 110.78, "认定人口": 2, "是否确权": "是", "是否交房": "是", "是否签约": "是", "是否组卷": "", "是否过审": "", "是否拆房": "", "合同金额_（元）": null, "已支付金额_（元）": null, "本次支付": null, "层数": 1, "进度状态": 3, "Shape_Length": 67.531220093792371, "Shape_Area": 239.34793411925321 }, "geometry": { "type": "MultiPolygon", "coordinates": [ [ [ [ 115.844553645073447, 39.821222617251088, 0.0 ], [ 115.844408492657962, 39.821216167678095, 0.0 ], [ 115.844397441788075, 39.821347982299585, 0.0 ], [ 115.844580029441829, 39.82140362613314, 0.0 ], [ 115.844594473406318, 39.821329029798605, 0.0 ], [ 115.844549077572879, 39.821323837744814, 0.0 ], [ 115.844545595123634, 39.821312238271084, 0.0 ], [ 115.844553645073447, 39.821222617251088, 0.0 ] ] ] ] } },
{ "type": "Feature", "properties": { "OBJECTID": 6, "编码": "HMC-3-044", "OBJECTID_1": 166, "序号": "166", "村": "红煤厂", "编号": "HMC-3-044", "组别": "二组", "宅基地坐落": "北京市房山区佛子庄乡红煤厂村二区25内3", "产权人": "李建芳", "联系电话": "13552054669", "建成节点1982": "后", "新老宅": "新", "建成节点2021": "后", "宅基地面积": 375.77, "建筑面积": 229.06, "认定人口": 3, "是否确权": "是", "是否交房": "是", "是否签约": "是", "是否组卷": "", "是否过审": "", "是否拆房": "", "合同金额_（元）": null, "已支付金额_（元）": null, "本次支付": null, "层数": 1, "进度状态": 3, "Shape_Length": 86.173066466614685, "Shape_Area": 375.76606966183977 }, "geometry": { "type": "MultiPolygon", "coordinates": [ [ [ [ 115.843607591163504, 39.822720707595671, 187.510999999998603 ], [ 115.843757622504967, 39.822767321064092, 187.510999999998603 ], [ 115.843771705170141, 39.822771696107473, 187.510999999998603 ], [ 115.843936902343827, 39.822823021203845, 187.510999999998603 ], [ 115.843994081300607, 39.82271359897608, 187.510999999998603 ], [ 115.843828883174709, 39.822662273951714, 187.510999999998603 ], [ 115.843808035794822, 39.82267084537169, 187.510999999998603 ], [ 115.843658004625979, 39.822624231970245, 187.510999999998603 ], [ 115.843607591163504, 39.822720707595671, 187.510999999998603 ] ] ] ] } },
{ "type": "Feature", "properties": { "OBJECTID": 7, "编码": "108GD-SC-004", "OBJECTID_1": 223, "序号": "223", "村": "山川", "编号": "108GD-SC-004", "组别": "三组", "宅基地坐落": "北京市房山区佛子庄乡山川村四道河45号", "产权人": "冯兰方", "联系电话": "", "建成节点1982": "", "新老宅": "老", "建成节点2021": "前", "宅基地面积": 133.39, "建筑面积": 59.82, "认定人口": 3, "是否确权": "是", "是否交房": "是", "是否签约": "是", "是否组卷": "是", "是否过审": "", "是否拆房": "是", "合同金额_（元）": null, "已支付金额_（元）": null, "本次支付": null, "层数": 1, "进度状态": 4, "Shape_Length": 47.632159441010401, "Shape_Area": 131.61484739815532 }, "geometry": { "type": "MultiPolygon", "coordinates": [ [ [ [ 115.804760582031832, 39.825980217097239, 238.875700000004144 ], [ 115.804842128273052, 39.82597572202345, 238.875700000004144 ], [ 115.804869505213389, 39.825974212751461, 238.875700000004144 ], [ 115.804859677892665, 39.825868221224347, 238.875700000004144 ], [ 115.80483230100991, 39.82586972959421, 238.875700000004144 ], [ 115.804767022142585, 39.825872876536792, 238.875700000004144 ], [ 115.804715764108153, 39.825875702290325, 238.875700000004144 ], [ 115.80472651971742, 39.825925354841203, 238.875700000004144 ], [ 115.804745058485423, 39.825926451866373, 238.875700000004144 ], [ 115.804750097041961, 39.825980795335028, 238.875700000004144 ], [ 115.804760582031832, 39.825980217097239, 238.875700000004144 ] ] ] ] } },
{ "type": "Feature", "properties": { "OBJECTID": 8, "编码": "108GD-SC-005", "OBJECTID_1": 224, "序号": "224", "村": "山川", "编号": "108GD-SC-005", "组别": "三组", "宅基地坐落": "北京市房山区佛子庄乡山川村四道河19号", "产权人": "杨秀存", "联系电话": "", "建成节点1982": "", "新老宅": "老", "建成节点2021": "前", "宅基地面积": 160.52, "建筑面积": 101.56, "认定人口": 6, "是否确权": "是", "是否交房": "是", "是否签约": "是", "是否组卷": "", "是否过审": "", "是否拆房": "是", "合同金额_（元）": null, "已支付金额_（元）": null, "本次支付": null, "层数": 1, "进度状态": 3, "Shape_Length": 61.848981436146275, "Shape_Area": 134.04917850054179 }, "geometry": { "type": "MultiPolygon", "coordinates": [ [ [ [ 115.804603668505905, 39.825903416362351, 228.31699999999546 ], [ 115.804633341206113, 39.825911240422251, 228.31699999999546 ], [ 115.80467941621832, 39.825936208204496, 228.31699999999546 ], [ 115.804587229573571, 39.826037047195285, 228.31699999999546 ], [ 115.804646657260733, 39.826069250301209, 228.31699999999546 ], [ 115.804738659880073, 39.825968311200818, 228.31699999999546 ], [ 115.804725282989935, 39.825961062147094, 228.31699999999546 ], [ 115.804740056921531, 39.825944852960639, 228.31699999999546 ], [ 115.804699628795305, 39.825886623466545, 228.31699999999546 ], [ 115.804670962241588, 39.825871089750024, 228.31699999999546 ], [ 115.804603668505905, 39.825903416362351, 228.31699999999546 ] ] ] ] } },
{ "type": "Feature", "properties": { "OBJECTID": 9, "编码": "HG-1-005", "OBJECTID_1": 233, "序号": "233", "村": "花港", "编号": "HG-1-005", "组别": "四组", "宅基地坐落": "北京房山区南窖乡花港村孟家沟8号内1号", "产权人": "隗立凯", "联系电话": "", "建成节点1982": "", "新老宅": "老", "建成节点2021": "前", "宅基地面积": 197.07, "建筑面积": 103.67, "认定人口": null, "是否确权": "是", "是否交房": "是", "是否签约": "是", "是否组卷": "是", "是否过审": "", "是否拆房": "", "合同金额_（元）": null, "已支付金额_（元）": null, "本次支付": null, "层数": 1, "进度状态": 4, "Shape_Length": 69.788418415840368, "Shape_Area": 217.20976085842594 }, "geometry": { "type": "MultiPolygon", "coordinates": [ [ [ [ 115.838505475751788, 39.803805934405645, 227.782999999995809 ], [ 115.838618431663051, 39.803893823324437, 227.782999999995809 ], [ 115.838723395572103, 39.803813039405028, 227.782999999995809 ], [ 115.838693857763275, 39.803790099557119, 227.782999999995809 ], [ 115.838661541039187, 39.803765001928085, 227.782999999995809 ], [ 115.838654366089742, 39.803759429144499, 227.782999999995809 ], [ 115.838644511097229, 39.803755675798776, 227.782999999995809 ], [ 115.838641525443165, 39.803758239689834, 227.782999999995809 ], [ 115.838600180391836, 39.803731752984753, 227.782999999995809 ], [ 115.838539754936093, 39.803697681200894, 227.782999999995809 ], [ 115.838528879619773, 39.803703561434951, 227.782999999995809 ], [ 115.838503399270962, 39.803688687551023, 227.782999999995809 ], [ 115.838489090610082, 39.803697090261792, 227.782999999995809 ], [ 115.838535179907467, 39.803731621073958, 227.782999999995809 ], [ 115.838495220350069, 39.803761929380599, 227.782999999995809 ], [ 115.838528785593823, 39.803788255386515, 227.782999999995809 ], [ 115.838505475751788, 39.803805934405645, 227.782999999995809 ] ] ] ] } },
{ "type": "Feature", "properties": { "OBJECTID": 10, "编码": "108GD-SC-001", "OBJECTID_1": 220, "序号": "220", "村": "山川", "编号": "108GD-SC-001", "组别": "三组", "宅基地坐落": "北京市房山区佛子庄乡山川村四道河2-1号", "产权人": "隗合石", "联系电话": "", "建成节点1982": "", "新老宅": "新", "建成节点2021": "前", "宅基地面积": 268.61, "建筑面积": 121.46, "认定人口": 6, "是否确权": "是", "是否交房": "是", "是否签约": "是", "是否组卷": "", "是否过审": "", "是否拆房": "", "合同金额_（元）": null, "已支付金额_（元）": null, "本次支付": null, "层数": 1, "进度状态": 3, "Shape_Length": 64.686151692630887, "Shape_Area": 235.85492102226002 }, "geometry": { "type": "MultiPolygon", "coordinates": [ [ [ [ 115.806654835013873, 39.825823235322744, 233.251999999993131 ], [ 115.806670148560542, 39.825826103688655, 233.251999999993131 ], [ 115.806842606977639, 39.825861198395216, 233.251999999993131 ], [ 115.806893203421254, 39.825871494011579, 233.251999999993131 ], [ 115.806906925309434, 39.825830521319489, 233.251999999993131 ], [ 115.806911496771974, 39.825817638255202, 233.251999999993131 ], [ 115.806925138319045, 39.825772260743832, 233.251999999993131 ], [ 115.806877774786571, 39.825763871663426, 233.251999999993131 ], [ 115.806877578493911, 39.825764482961041, 233.251999999993131 ], [ 115.806839474312554, 39.825756547538646, 233.251999999993131 ], [ 115.806810387602454, 39.825750488963664, 233.251999999993131 ], [ 115.806688979262361, 39.825725201046318, 233.251999999993131 ], [ 115.806654835013873, 39.825823235322744, 233.251999999993131 ] ] ] ] } },
{ "type": "Feature", "properties": { "OBJECTID": 11, "编码": "108GD-SC-002", "OBJECTID_1": 221, "序号": "221", "村": "山川", "编号": "108GD-SC-002", "组别": "三组", "宅基地坐落": "北京市房山区佛子庄乡山川村四道河2号", "产权人": "王瑞云", "联系电话": "", "建成节点1982": "", "新老宅": "老", "建成节点2021": "前", "宅基地面积": 189.66, "建筑面积": 24.4, "认定人口": 1, "是否确权": "是", "是否交房": "是", "是否签约": "是", "是否组卷": "是", "是否过审": "", "是否拆房": "", "合同金额_（元）": null, "已支付金额_（元）": null, "本次支付": null, "层数": 1, "进度状态": 4, "Shape_Length": 55.900062367049273, "Shape_Area": 189.66030613077987 }, "geometry": { "type": "MultiPolygon", "coordinates": [ [ [ [ 115.807183270205627, 39.825827458664975, 244.907399999996414 ], [ 115.807182505998313, 39.825722998780698, 244.907399999996414 ], [ 115.806991551909746, 39.825723828897992, 244.907399999996414 ], [ 115.80699231582777, 39.825828288779213, 244.907399999996414 ], [ 115.807183270205627, 39.825827458664975, 244.907399999996414 ] ] ] ] } },
{ "type": "Feature", "properties": { "OBJECTID": 12, "编码": "108GD-SC-003", "OBJECTID_1": 222, "序号": "222", "村": "山川", "编号": "108GD-SC-003", "组别": "三组", "宅基地坐落": "北京市房山区佛子庄乡山川村四道河9号", "产权人": "隗合忠", "联系电话": "", "建成节点1982": "", "新老宅": "老", "建成节点2021": "前", "宅基地面积": 144.67, "建筑面积": 66.34, "认定人口": 2, "是否确权": "是", "是否交房": "是", "是否签约": "是", "是否组卷": "是", "是否过审": "", "是否拆房": "是", "合同金额_（元）": null, "已支付金额_（元）": null, "本次支付": null, "层数": 1, "进度状态": 4, "Shape_Length": 41.147445052584374, "Shape_Area": 98.170432943692134 }, "geometry": { "type": "MultiPolygon", "coordinates": [ [ [ [ 115.805002784076294, 39.825888877568083, 246.906700000006822 ], [ 115.805108718968242, 39.825889968752513, 246.906700000006822 ], [ 115.805112649918897, 39.82584153293174, 246.906700000006822 ], [ 115.805117369509745, 39.825841760765222, 246.906700000006822 ], [ 115.805119371145395, 39.825803151456533, 246.906700000006822 ], [ 115.804994796677903, 39.825797959623387, 246.906700000006822 ], [ 115.804991223928994, 39.825848907332769, 246.906700000006822 ], [ 115.805005978420894, 39.825849522233206, 246.906700000006822 ], [ 115.805002784076294, 39.825888877568083, 246.906700000006822 ] ] ] ] } },
{ "type": "Feature", "properties": { "OBJECTID": 13, "编码": "108GD-SC-006", "OBJECTID_1": 225, "序号": "225", "村": "山川", "编号": "108GD-SC-006", "组别": "三组", "宅基地坐落": "北京市房山区佛子庄乡山川村四道河24号", "产权人": "隗合强", "联系电话": "", "建成节点1982": "", "新老宅": "老", "建成节点2021": "前", "宅基地面积": 224.01, "建筑面积": 61.44, "认定人口": 2, "是否确权": "是", "是否交房": "是", "是否签约": "是", "是否组卷": "是", "是否过审": "", "是否拆房": "是", "合同金额_（元）": null, "已支付金额_（元）": null, "本次支付": null, "层数": 1, "进度状态": 4, "Shape_Length": 81.505495075747319, "Shape_Area": 224.00533654263501 }, "geometry": { "type": "MultiPolygon", "coordinates": [ [ [ [ 115.804903200693019, 39.826068991686213, 0.0 ], [ 115.804956657904256, 39.825895978357373, 0.0 ], [ 115.804947000939279, 39.82589420464037, 0.0 ], [ 115.804954088775048, 39.825870533035705, 0.0 ], [ 115.804970880068666, 39.825873522220078, 0.0 ], [ 115.804991371257913, 39.825805080596254, 0.0 ], [ 115.804914556381448, 39.825791407850488, 0.0 ], [ 115.804894063952872, 39.825859849447802, 0.0 ], [ 115.804899465825471, 39.825860810211744, 0.0 ], [ 115.804892466005811, 39.825884187319254, 0.0 ], [ 115.804847021016442, 39.825875839690298, 0.0 ], [ 115.804842172759095, 39.825914851059096, 0.0 ], [ 115.804847873820307, 39.825976330588979, 0.0 ], [ 115.804832485571382, 39.825992806345447, 0.0 ], [ 115.804824807284049, 39.826054591135538, 0.0 ], [ 115.804903200693019, 39.826068991686213, 0.0 ] ] ] ] } },
{ "type": "Feature", "properties": { "OBJECTID": 14, "编码": "108GD-SC-007", "OBJECTID_1": 226, "序号": "226", "村": "山川", "编号": "108GD-SC-007", "组别": "三组", "宅基地坐落": "北京市房山区佛子庄乡山川村四道河18号", "产权人": "史淑琴", "联系电话": "", "建成节点1982": "", "新老宅": "老", "建成节点2021": "前", "宅基地面积": 116.83, "建筑面积": 50.51, "认定人口": 1, "是否确权": "是", "是否交房": "是", "是否签约": "是", "是否组卷": "是", "是否过审": "", "是否拆房": "是", "合同金额_（元）": null, "已支付金额_（元）": null, "本次支付": null, "层数": 1, "进度状态": 4, "Shape_Length": 40.802033461502745, "Shape_Area": 103.28174789116072 }, "geometry": { "type": "MultiPolygon", "coordinates": [ [ [ [ 115.804584844944586, 39.826040791681173, 228.31699999999546 ], [ 115.804653426709734, 39.825960912563794, 228.31699999999546 ], [ 115.804582165675015, 39.825922714637045, 228.31699999999546 ], [ 115.804476982753528, 39.825965973221798, 228.31699999999546 ], [ 115.804495738096378, 39.82598712282941, 228.31699999999546 ], [ 115.804584844944586, 39.826040791681173, 228.31699999999546 ] ] ] ] } },
{ "type": "Feature", "properties": { "OBJECTID": 15, "编码": "CC-1-001", "OBJECTID_1": 227, "序号": "227", "村": "长操", "编号": "CC-1-001", "组别": "三组", "宅基地坐落": "北京市房山区佛子庄乡长操村2号", "产权人": "李焕福", "联系电话": "", "建成节点1982": "", "新老宅": "新", "建成节点2021": "前", "宅基地面积": 216.25, "建筑面积": 170.48, "认定人口": 6, "是否确权": "是", "是否交房": "是", "是否签约": "是", "是否组卷": "是", "是否过审": "", "是否拆房": "是", "合同金额_（元）": null, "已支付金额_（元）": null, "本次支付": null, "层数": 1, "进度状态": 4, "Shape_Length": 59.991676298848255, "Shape_Area": 216.24880229843444 }, "geometry": { "type": "MultiPolygon", "coordinates": [ [ [ [ 115.822308350254119, 39.821092757993853, 211.033999999999651 ], [ 115.822439479923759, 39.821101126467546, 211.033999999999651 ], [ 115.82247060188358, 39.820946737734779, 211.033999999999651 ], [ 115.822449239332627, 39.820944245052488, 211.033999999999651 ], [ 115.822388943282192, 39.820931680080129, 211.033999999999651 ], [ 115.822324309275487, 39.820925694149913, 211.033999999999651 ], [ 115.822317180780104, 39.821010482961576, 211.033999999999651 ], [ 115.822308350254119, 39.821092757993853, 211.033999999999651 ] ] ] ] } },
{ "type": "Feature", "properties": { "OBJECTID": 16, "编码": "CC-1-002", "OBJECTID_1": 228, "序号": "228", "村": "长操", "编号": "CC-1-002", "组别": "三组", "宅基地坐落": "北京市房山区佛子庄乡长操村1号内2号", "产权人": "遆学平", "联系电话": "", "建成节点1982": "", "新老宅": "新", "建成节点2021": "前", "宅基地面积": 202.53, "建筑面积": 149.44, "认定人口": 9, "是否确权": "是", "是否交房": "是", "是否签约": "是", "是否组卷": "是", "是否过审": "", "是否拆房": "是", "合同金额_（元）": null, "已支付金额_（元）": null, "本次支付": null, "层数": 1, "进度状态": 4, "Shape_Length": 67.59994268356327, "Shape_Area": 209.91911996937006 }, "geometry": { "type": "MultiPolygon", "coordinates": [ [ [ [ 115.821865532559315, 39.821147035016317, 207.949699999997392 ], [ 115.822161805782102, 39.821116136190405, 207.949699999997392 ], [ 115.82214897089537, 39.821042958950841, 207.949699999997392 ], [ 115.821852696815043, 39.821073857737012, 207.949699999997392 ], [ 115.821865532559315, 39.821147035016317, 207.949699999997392 ] ] ] ] } },
{ "type": "Feature", "properties": { "OBJECTID": 17, "编码": "FZZ-1-001", "OBJECTID_1": 197, "序号": "197", "村": "佛子庄", "编号": "FZZ-1-001", "组别": "一组", "宅基地坐落": "北京市房山区佛子庄乡佛子庄村三区83号南侧", "产权人": "姜美娇", "联系电话": "", "建成节点1982": "", "新老宅": "新", "建成节点2021": "前", "宅基地面积": 116.56, "建筑面积": 116.56, "认定人口": 1, "是否确权": "是", "是否交房": "是", "是否签约": "是", "是否组卷": "是", "是否过审": "", "是否拆房": "", "合同金额_（元）": null, "已支付金额_（元）": null, "本次支付": null, "层数": 1, "进度状态": 4, "Shape_Length": 54.799891564004326, "Shape_Area": 116.5593249400723 }, "geometry": { "type": "MultiPolygon", "coordinates": [ [ [ [ 115.847253458149254, 39.820269012814038, -3.343299999993178 ], [ 115.847296614675741, 39.820267347693907, -3.343299999993178 ], [ 115.847296790330702, 39.820270045879674, -3.343299999993178 ], [ 115.847325949357895, 39.82026892073285, -3.343299999993178 ], [ 115.847457751640476, 39.820263835840883, -3.343299999993178 ], [ 115.847457577146983, 39.820261137666868, -3.343299999993178 ], [ 115.847507731829864, 39.820259202459773, -3.343299999993178 ], [ 115.8475046378054, 39.820211533707038, -3.343299999993178 ], [ 115.847454483157151, 39.820213468913295, -3.343299999993178 ], [ 115.847293521964858, 39.820219678949293, -3.343299999993178 ], [ 115.847259696354712, 39.820220983774036, -3.343299999993178 ], [ 115.847261972828676, 39.820256061020331, -3.343299999993178 ], [ 115.847252641937402, 39.820256421315115, -3.343299999993178 ], [ 115.847253458149254, 39.820269012814038, -3.343299999993178 ] ] ] ] } },
{ "type": "Feature", "properties": { "OBJECTID": 18, "编码": "FZZ-1-002", "OBJECTID_1": 198, "序号": "198", "村": "佛子庄", "编号": "FZZ-1-002", "组别": "一组", "宅基地坐落": "北京市房山区佛子庄乡佛子庄村三区83号内2号", "产权人": "王丽平", "联系电话": "", "建成节点1982": "", "新老宅": "新", "建成节点2021": "前", "宅基地面积": 152.02, "建筑面积": 92.55, "认定人口": 1, "是否确权": "是", "是否交房": "是", "是否签约": "是", "是否组卷": "是", "是否过审": "", "是否拆房": "", "合同金额_（元）": null, "已支付金额_（元）": null, "本次支付": null, "层数": 1, "进度状态": 4, "Shape_Length": 63.588321711868204, "Shape_Area": 152.01767467912924 }, "geometry": { "type": "MultiPolygon", "coordinates": [ [ [ [ 115.847236658031662, 39.820208790190321, 0.0 ], [ 115.847012982933308, 39.820236591227903, 0.0 ], [ 115.84702199587521, 39.820279711271517, 0.0 ], [ 115.846967176614157, 39.820286524469395, 0.0 ], [ 115.846968906888549, 39.820307174748812, 0.0 ], [ 115.84699804220439, 39.820305722525738, 0.0 ], [ 115.847092609382955, 39.820290570162094, 0.0 ], [ 115.847118833909278, 39.820290251675615, 0.0 ], [ 115.847160130316297, 39.820289750628532, 0.0 ], [ 115.847158861775668, 39.820283679587767, 0.0 ], [ 115.84719345106916, 39.820279380632357, 0.0 ], [ 115.847249946286112, 39.820272358826628, 0.0 ], [ 115.847236658031662, 39.820208790190321, 0.0 ] ] ] ] } },
{ "type": "Feature", "properties": { "OBJECTID": 19, "编码": "FZZ-1-003", "OBJECTID_1": 199, "序号": "199", "村": "佛子庄", "编号": "FZZ-1-003", "组别": "一组", "宅基地坐落": "北京市房山区佛子庄乡佛子庄村三区81号", "产权人": "刘占魁", "联系电话": "", "建成节点1982": "", "新老宅": "新", "建成节点2021": "前", "宅基地面积": 356.25, "建筑面积": 107.54, "认定人口": 4, "是否确权": "是", "是否交房": "是", "是否签约": "是", "是否组卷": "是", "是否过审": "", "是否拆房": "是", "合同金额_（元）": null, "已支付金额_（元）": null, "本次支付": null, "层数": 1, "进度状态": 4, "Shape_Length": 74.773405821077361, "Shape_Area": 349.35765289968668 }, "geometry": { "type": "MultiPolygon", "coordinates": [ [ [ [ 115.848703204652651, 39.82060080355847, 166.08289999999397 ], [ 115.848918136158829, 39.82062526794919, 166.08289999999397 ], [ 115.848949741404454, 39.820456550549387, 166.08289999999397 ], [ 115.84873874383814, 39.820432169387544, 166.08289999999397 ], [ 115.848703204652651, 39.82060080355847, 166.08289999999397 ] ] ] ] } },
{ "type": "Feature", "properties": { "OBJECTID": 20, "编码": "FZZ-1-004", "OBJECTID_1": 200, "序号": "200", "村": "佛子庄", "编号": "FZZ-1-004", "组别": "一组", "宅基地坐落": "北京市房山区佛子庄乡佛子庄村三区81内2号", "产权人": "姜兴达", "联系电话": "", "建成节点1982": "", "新老宅": "老", "建成节点2021": "前", "宅基地面积": 430.31, "建筑面积": 179.14, "认定人口": 4, "是否确权": "是", "是否交房": "是", "是否签约": "是", "是否组卷": "是", "是否过审": "", "是否拆房": "是", "合同金额_（元）": null, "已支付金额_（元）": null, "本次支付": null, "层数": 1, "进度状态": 4, "Shape_Length": 81.761396895090712, "Shape_Area": 417.54070601284263 }, "geometry": { "type": "MultiPolygon", "coordinates": [ [ [ [ 115.848933773572455, 39.820654962365744, 0.0 ], [ 115.849176989865555, 39.82068046252764, 0.0 ], [ 115.849177415954827, 39.820678235030961, 0.0 ], [ 115.849211307115795, 39.8205008556059, 0.0 ], [ 115.848974937762463, 39.820476206984871, 0.0 ], [ 115.848933773572455, 39.820654962365744, 0.0 ] ] ] ] } },
{ "type": "Feature", "properties": { "OBJECTID": 21, "编码": "FZZ-1-005", "OBJECTID_1": 201, "序号": "201", "村": "佛子庄", "编号": "FZZ-1-005", "组别": "一组", "宅基地坐落": "北京市房山区佛子庄乡佛子庄村三区80号", "产权人": "姜小东", "联系电话": "", "建成节点1982": "", "新老宅": "老", "建成节点2021": "前", "宅基地面积": 379.23, "建筑面积": 192.75, "认定人口": 2, "是否确权": "是", "是否交房": "是", "是否签约": "是", "是否组卷": "是", "是否过审": "", "是否拆房": "是", "合同金额_（元）": null, "已支付金额_（元）": null, "本次支付": null, "层数": 1, "进度状态": 4, "Shape_Length": 75.767310969275258, "Shape_Area": 358.69328275010514 }, "geometry": { "type": "MultiPolygon", "coordinates": [ [ [ [ 115.849182033465198, 39.820667767959321, 166.08289999999397 ], [ 115.849404884872499, 39.82069120405734, 166.08289999999397 ], [ 115.849434259606639, 39.820525132021501, 166.08289999999397 ], [ 115.849211493549547, 39.820501441954235, 166.08289999999397 ], [ 115.849182033465198, 39.820667767959321, 166.08289999999397 ] ] ] ] } },
{ "type": "Feature", "properties": { "OBJECTID": 22, "编码": "FZZ-1-006", "OBJECTID_1": 202, "序号": "202", "村": "佛子庄", "编号": "FZZ-1-006", "组别": "一组", "宅基地坐落": "北京市房山区佛子庄乡佛子庄村四区27号", "产权人": "姜海艳", "联系电话": "", "建成节点1982": "", "新老宅": "新", "建成节点2021": "前", "宅基地面积": 146.26, "建筑面积": 58.22, "认定人口": 1, "是否确权": "是", "是否交房": "是", "是否签约": "是", "是否组卷": "是", "是否过审": "", "是否拆房": "是", "合同金额_（元）": null, "已支付金额_（元）": null, "本次支付": null, "层数": 1, "进度状态": 4, "Shape_Length": 48.999984582946219, "Shape_Area": 146.2598728776631 }, "geometry": { "type": "MultiPolygon", "coordinates": [ [ [ [ 115.849949826963297, 39.820256290504666, 192.17939999999362 ], [ 115.849944790757064, 39.820248165667351, 192.17939999999362 ], [ 115.849897947543624, 39.820172605325709, 192.17939999999362 ], [ 115.849748330012872, 39.820227758060156, 192.17939999999362 ], [ 115.849795173096922, 39.820303318459722, 192.17939999999362 ], [ 115.84980020928927, 39.820311443303247, 192.17939999999362 ], [ 115.849949826963297, 39.820256290504666, 192.17939999999362 ] ] ] ] } },
{ "type": "Feature", "properties": { "OBJECTID": 23, "编码": "FZZ-1-007", "OBJECTID_1": 203, "序号": "203", "村": "佛子庄", "编号": "FZZ-1-007", "组别": "一组", "宅基地坐落": "北京市房山区佛子庄乡佛子庄村后街12号", "产权人": "韩淑敏", "联系电话": "", "建成节点1982": "", "新老宅": "新", "建成节点2021": "前", "宅基地面积": 210.78, "建筑面积": 85.26, "认定人口": 1, "是否确权": "是", "是否交房": "是", "是否签约": "是", "是否组卷": "是", "是否过审": "", "是否拆房": "是", "合同金额_（元）": null, "已支付金额_（元）": null, "本次支付": null, "层数": 1, "进度状态": 4, "Shape_Length": 58.899886010705572, "Shape_Area": 210.77508925541656 }, "geometry": { "type": "MultiPolygon", "coordinates": [ [ [ [ 115.850221487334693, 39.82016604332108, 0.0 ], [ 115.850375992131802, 39.82013766595211, 0.0 ], [ 115.850366521879138, 39.820107004336506, 0.0 ], [ 115.850385266332921, 39.820103561505093, 0.0 ], [ 115.850372549191576, 39.82006238816011, 0.0 ], [ 115.850356312486213, 39.820009825883851, 0.0 ], [ 115.85018306350986, 39.820041646933589, 0.0 ], [ 115.850221487334693, 39.82016604332108, 0.0 ] ] ] ] } },
{ "type": "Feature", "properties": { "OBJECTID": 24, "编码": "FZZ-1-008", "OBJECTID_1": 204, "序号": "204", "村": "佛子庄", "编号": "FZZ-1-008", "组别": "一组", "宅基地坐落": "北京市房山区佛子庄乡佛子庄村三区80号南侧", "产权人": "姜元壮", "联系电话": "", "建成节点1982": "", "新老宅": "新", "建成节点2021": "前", "宅基地面积": 253.13, "建筑面积": 108.91, "认定人口": 1, "是否确权": "是", "是否交房": "是", "是否签约": "是", "是否组卷": "是", "是否过审": "", "是否拆房": "是", "合同金额_（元）": null, "已支付金额_（元）": null, "本次支付": null, "层数": 1, "进度状态": 4, "Shape_Length": 61.500065412430338, "Shape_Area": 235.12569569173951 }, "geometry": { "type": "MultiPolygon", "coordinates": [ [ [ [ 115.849290788652155, 39.820476543857822, 0.0 ], [ 115.849482097360863, 39.820494337098168, 0.0 ], [ 115.849502025267782, 39.820366932914645, 0.0 ], [ 115.849310716905748, 39.820349139711738, 0.0 ], [ 115.849305682241265, 39.820381326381622, 0.0 ], [ 115.849299179382498, 39.820422900006491, 0.0 ], [ 115.849290788652155, 39.820476543857822, 0.0 ] ] ] ] } },
{ "type": "Feature", "properties": { "OBJECTID": 25, "编码": "FZZ-1-010", "OBJECTID_1": 205, "序号": "205", "村": "佛子庄", "编号": "FZZ-1-010", "组别": "一组", "宅基地坐落": "北京市房山区佛子庄乡佛子庄村三区77号", "产权人": "姜兆立", "联系电话": "", "建成节点1982": "", "新老宅": "新", "建成节点2021": "前", "宅基地面积": 200.48, "建筑面积": 162.41, "认定人口": 1, "是否确权": "是", "是否交房": "是", "是否签约": "是", "是否组卷": "是", "是否过审": "", "是否拆房": "是", "合同金额_（元）": null, "已支付金额_（元）": null, "本次支付": null, "层数": 1, "进度状态": 4, "Shape_Length": 60.094815533193099, "Shape_Area": 200.47391052580497 }, "geometry": { "type": "MultiPolygon", "coordinates": [ [ [ [ 115.851205935602039, 39.820515770669594, 193.335099999996601 ], [ 115.851431352807609, 39.820466910705555, 193.335099999996601 ], [ 115.851399694106902, 39.820380229199252, 193.335099999996601 ], [ 115.851314586967504, 39.820398675928566, 193.335099999996601 ], [ 115.851174332259603, 39.820429077043173, 193.335099999996601 ], [ 115.85117717708529, 39.820436879322031, 193.335099999996601 ], [ 115.851205935602039, 39.820515770669594, 193.335099999996601 ] ] ] ] } },
{ "type": "Feature", "properties": { "OBJECTID": 26, "编码": "FZZ-1-011", "OBJECTID_1": 206, "序号": "206", "村": "佛子庄", "编号": "FZZ-1-011", "组别": "一组", "宅基地坐落": "北京市房山区佛子庄乡佛子庄村三区77号西侧", "产权人": "姜立营", "联系电话": "", "建成节点1982": "", "新老宅": "新", "建成节点2021": "前", "宅基地面积": 200.48, "建筑面积": 162.41, "认定人口": 2, "是否确权": "是", "是否交房": "是", "是否签约": "是", "是否组卷": "是", "是否过审": "", "是否拆房": "是", "合同金额_（元）": null, "已支付金额_（元）": null, "本次支付": null, "层数": 1, "进度状态": 4, "Shape_Length": 60.095131602903635, "Shape_Area": 200.47562246526167 }, "geometry": { "type": "MultiPolygon", "coordinates": [ [ [ [ 115.851430301328989, 39.820467070511803, 192.840100000001257 ], [ 115.851655719393889, 39.820418210118397, 192.840100000001257 ], [ 115.851624059277853, 39.820331527756849, 192.840100000001257 ], [ 115.85153895223992, 39.820349975553135, 192.840100000001257 ], [ 115.851398697738915, 39.820380376041626, 192.840100000001257 ], [ 115.851401542588235, 39.820388178315383, 192.840100000001257 ], [ 115.851430301328989, 39.820467070511803, 192.840100000001257 ] ] ] ] } },
{ "type": "Feature", "properties": { "OBJECTID": 27, "编码": "FZZ-1-012", "OBJECTID_1": 207, "序号": "207", "村": "佛子庄", "编号": "FZZ-1-012", "组别": "一组", "宅基地坐落": "北京市房山区佛子庄乡佛子庄村后街72号", "产权人": "段维花", "联系电话": "", "建成节点1982": "", "新老宅": "新", "建成节点2021": "前", "宅基地面积": 126.78, "建筑面积": 95.2, "认定人口": 4, "是否确权": "是", "是否交房": "是", "是否签约": "是", "是否组卷": "", "是否过审": "", "是否拆房": "", "合同金额_（元）": null, "已支付金额_（元）": null, "本次支付": null, "层数": 1, "进度状态": 3, "Shape_Length": 45.199961121314821, "Shape_Area": 95.200194778816552 }, "geometry": { "type": "MultiPolygon", "coordinates": [ [ [ [ 115.849635049536474, 39.819629519065913, 0.0 ], [ 115.849811222603066, 39.819558938332868, 0.0 ], [ 115.849781071098349, 39.819514186846604, 0.0 ], [ 115.849604898102399, 39.819584768436037, 0.0 ], [ 115.849635049536474, 39.819629519065913, 0.0 ] ] ] ] } },
{ "type": "Feature", "properties": { "OBJECTID": 28, "编码": "FZZ-1-013", "OBJECTID_1": 208, "序号": "208", "村": "佛子庄", "编号": "FZZ-1-013", "组别": "一组", "宅基地坐落": "北京市房山区佛子庄乡佛子庄村三区82号", "产权人": "姜书芳", "联系电话": "", "建成节点1982": "", "新老宅": "新", "建成节点2021": "前", "宅基地面积": 410.16, "建筑面积": 205.2, "认定人口": 5, "是否确权": "是", "是否交房": "是", "是否签约": "是", "是否组卷": "是", "是否过审": "", "是否拆房": "是", "合同金额_（元）": null, "已支付金额_（元）": null, "本次支付": null, "层数": 1, "进度状态": 4, "Shape_Length": 126.29534619968089, "Shape_Area": 800.93953212206577 }, "geometry": { "type": "MultiPolygon", "coordinates": [ [ [ [ 115.849452494221239, 39.820134772048718, 0.0 ], [ 115.849941221029098, 39.819991719817388, 0.0 ], [ 115.849927987444872, 39.819953168398278, 0.0 ], [ 115.849855944412155, 39.819886189652308, 0.0 ], [ 115.849338270210808, 39.819954214195903, 0.0 ], [ 115.849338130968164, 39.819967673404832, 0.0 ], [ 115.849452494221239, 39.820134772048718, 0.0 ] ] ] ] } },
{ "type": "Feature", "properties": { "OBJECTID": 29, "编码": "FZZ-1-015", "OBJECTID_1": 209, "序号": "209", "村": "佛子庄", "编号": "FZZ-1-015", "组别": "一组", "宅基地坐落": "北京市房山区佛子庄乡佛子庄村三区公交场站东侧", "产权人": "姜利涛", "联系电话": "", "建成节点1982": "", "新老宅": "新", "建成节点2021": "前", "宅基地面积": 388.08, "建筑面积": 174.45, "认定人口": 3, "是否确权": "是", "是否交房": "是", "是否签约": "是", "是否组卷": "是", "是否过审": "", "是否拆房": "是", "合同金额_（元）": null, "已支付金额_（元）": null, "本次支付": null, "层数": 1, "进度状态": 4, "Shape_Length": 91.507197344858568, "Shape_Area": 388.08098118559758 }, "geometry": { "type": "MultiPolygon", "coordinates": [ [ [ [ 115.853368372049715, 39.819052189655011, 192.384999999994761 ], [ 115.853516192840033, 39.819141788361605, 192.384999999994761 ], [ 115.853548668611097, 39.819109927606327, 192.384999999994761 ], [ 115.853522961083598, 39.819094345090889, 192.384999999994761 ], [ 115.85360739816484, 39.819011508723634, 192.384999999994761 ], [ 115.853593625730753, 39.819003161721675, 192.384999999994761 ], [ 115.853689602923097, 39.818909005114662, 192.384999999994761 ], [ 115.853581116121447, 39.818841374962176, 192.384999999994761 ], [ 115.853368372049715, 39.819052189655011, 192.384999999994761 ] ] ] ] } },
{ "type": "Feature", "properties": { "OBJECTID": 30, "编码": "FZZ-1-017", "OBJECTID_1": 210, "序号": "210", "村": "佛子庄", "编号": "FZZ-1-017", "组别": "一组", "宅基地坐落": "北京市房山区佛子庄乡佛子庄村三区84号", "产权人": "赵伶华", "联系电话": "", "建成节点1982": "", "新老宅": "新", "建成节点2021": "前", "宅基地面积": 260.14, "建筑面积": 54.5, "认定人口": 2, "是否确权": "是", "是否交房": "是", "是否签约": "是", "是否组卷": "是", "是否过审": "", "是否拆房": "是", "合同金额_（元）": null, "已支付金额_（元）": null, "本次支付": null, "层数": 1, "进度状态": 4, "Shape_Length": 69.711055924988017, "Shape_Area": 260.1357218003551 }, "geometry": { "type": "MultiPolygon", "coordinates": [ [ [ [ 115.856064892548829, 39.81498569749548, 188.469899999996414 ], [ 115.856332160642026, 39.814984949743206, 188.469899999996414 ], [ 115.856354619774848, 39.814886727500209, 188.469899999996414 ], [ 115.856064412666242, 39.81488756974835, 188.469899999996414 ], [ 115.856064892548829, 39.81498569749548, 188.469899999996414 ] ] ] ] } },
{ "type": "Feature", "properties": { "OBJECTID": 31, "编码": "FZZ-1-019", "OBJECTID_1": 211, "序号": "211", "村": "佛子庄", "编号": "FZZ-1-019", "组别": "一组", "宅基地坐落": "北京市房山区佛子庄乡佛子庄村三区75号", "产权人": "韩国金", "联系电话": "", "建成节点1982": "", "新老宅": "新", "建成节点2021": "前", "宅基地面积": 233.91, "建筑面积": 144.38, "认定人口": 8, "是否确权": "是", "是否交房": "是", "是否签约": "是", "是否组卷": "是", "是否过审": "", "是否拆房": "", "合同金额_（元）": null, "已支付金额_（元）": null, "本次支付": null, "层数": 1, "进度状态": 4, "Shape_Length": 60.602556884402865, "Shape_Area": 228.17043322368664 }, "geometry": { "type": "MultiPolygon", "coordinates": [ [ [ [ 115.856261884006386, 39.811444992566173, 185.353300000002491 ], [ 115.856413677063998, 39.81146475876622, 185.353300000002491 ], [ 115.856413784443589, 39.811464268988601, 185.353300000002491 ], [ 115.856448298280142, 39.81146852055705, 185.353300000002491 ], [ 115.856456330393556, 39.811431171902321, 185.353300000002491 ], [ 115.856462773760711, 39.81140442585685, 185.353300000002491 ], [ 115.85647625462822, 39.811343550061309, 185.353300000002491 ], [ 115.856420060811175, 39.811335771441229, 185.353300000002491 ], [ 115.856419874008111, 39.811336614378298, 185.353300000002491 ], [ 115.856382757409904, 39.81133171752186, 185.353300000002491 ], [ 115.856356707034905, 39.811328147370567, 185.353300000002491 ], [ 115.856319700816343, 39.811323284904837, 185.353300000002491 ], [ 115.856291586689153, 39.811319589923762, 185.353300000002491 ], [ 115.856280442113075, 39.811364983713709, 185.353300000002491 ], [ 115.856270819083932, 39.811404181849881, 185.353300000002491 ], [ 115.856261884006386, 39.811444992566173, 185.353300000002491 ] ] ] ] } },
{ "type": "Feature", "properties": { "OBJECTID": 32, "编码": "FZZ-1-022", "OBJECTID_1": 212, "序号": "212", "村": "佛子庄", "编号": "FZZ-1-022", "组别": "一组", "宅基地坐落": "北京市房山区佛子庄乡佛子庄村三区后街34号", "产权人": "姜德玉", "联系电话": "", "建成节点1982": "", "新老宅": "老", "建成节点2021": "前", "宅基地面积": 493.0, "建筑面积": 120.28, "认定人口": 5, "是否确权": "是", "是否交房": "是", "是否签约": "是", "是否组卷": "", "是否过审": "", "是否拆房": "", "合同金额_（元）": null, "已支付金额_（元）": null, "本次支付": null, "层数": 1, "进度状态": 3, "Shape_Length": 89.441026774340088, "Shape_Area": 493.00097105740434 }, "geometry": { "type": "MultiPolygon", "coordinates": [ [ [ [ 115.84998431823476, 39.820073115920017, 0.0 ], [ 115.850248676625256, 39.820023396905043, 0.0 ], [ 115.850234840324248, 39.819979652905822, 0.0 ], [ 115.850228199012406, 39.819958654994075, 0.0 ], [ 115.850196371660317, 39.819850173004099, 0.0 ], [ 115.849947138209359, 39.819883388569082, 0.0 ], [ 115.8499274214374, 39.819885187975679, 0.0 ], [ 115.84994682199401, 39.820011574458462, 0.0 ], [ 115.849953463224523, 39.820032572384967, 0.0 ], [ 115.849970482092942, 39.820029371891884, 0.0 ], [ 115.84998431823476, 39.820073115920017, 0.0 ] ] ] ] } },
{ "type": "Feature", "properties": { "OBJECTID": 33, "编码": "FZZ-1-023", "OBJECTID_1": 213, "序号": "213", "村": "佛子庄", "编号": "FZZ-1-023", "组别": "一组", "宅基地坐落": "北京市房山区佛子庄乡佛子庄村后街12号北侧", "产权人": "姜小芳", "联系电话": "", "建成节点1982": "", "新老宅": "新", "建成节点2021": "前", "宅基地面积": 214.52, "建筑面积": 127.3, "认定人口": 1, "是否确权": "是", "是否交房": "是", "是否签约": "是", "是否组卷": "是", "是否过审": "", "是否拆房": "", "合同金额_（元）": null, "已支付金额_（元）": null, "本次支付": null, "层数": 1, "进度状态": 4, "Shape_Length": 96.196538070015123, "Shape_Area": 565.80987937903001 }, "geometry": { "type": "MultiPolygon", "coordinates": [ [ [ [ 115.850136875426529, 39.820452284721746, 166.08289999999397 ], [ 115.850463888671044, 39.820416084816195, 166.08289999999397 ], [ 115.850419656695479, 39.820227454041799, 166.08289999999397 ], [ 115.85011413606928, 39.820273299897245, 166.08289999999397 ], [ 115.850136875426529, 39.820452284721746, 166.08289999999397 ] ] ] ] } },
{ "type": "Feature", "properties": { "OBJECTID": 34, "编码": "FZZ-1-024", "OBJECTID_1": 214, "序号": "214", "村": "佛子庄", "编号": "FZZ-1-024", "组别": "一组", "宅基地坐落": "北京市房山区佛子庄乡佛子庄村前街12号南侧", "产权人": "姜莹莹", "联系电话": "", "建成节点1982": "", "新老宅": "新", "建成节点2021": "前", "宅基地面积": 353.69, "建筑面积": 179.23, "认定人口": 1, "是否确权": "是", "是否交房": "是", "是否签约": "是", "是否组卷": "是", "是否过审": "", "是否拆房": "", "合同金额_（元）": null, "已支付金额_（元）": null, "本次支付": null, "层数": 1, "进度状态": 4, "Shape_Length": 75.771426413968584, "Shape_Area": 350.50282585134136 }, "geometry": { "type": "MultiPolygon", "coordinates": [ [ [ [ 115.856019816807944, 39.813384025114523, 188.152799999996205 ], [ 115.856085787719309, 39.813372950466587, 188.152799999996205 ], [ 115.856113448093197, 39.813370393451208, 188.152799999996205 ], [ 115.856203735145158, 39.813354972540537, 188.152799999996205 ], [ 115.856192638977859, 39.813316333881637, 188.152799999996205 ], [ 115.856148343395404, 39.813161836850661, 188.152799999996205 ], [ 115.856042536798483, 39.813180249648511, 188.152799999996205 ], [ 115.855965581707395, 39.813193283776009, 188.152799999996205 ], [ 115.856009958945592, 39.813349101082238, 188.152799999996205 ], [ 115.856019816807944, 39.813384025114523, 188.152799999996205 ] ] ] ] } },
{ "type": "Feature", "properties": { "OBJECTID": 35, "编码": "FZZ-1-025", "OBJECTID_1": 215, "序号": "215", "村": "佛子庄", "编号": "FZZ-1-025", "组别": "一组", "宅基地坐落": "北京市房山区佛子庄乡佛子庄村前街12号", "产权人": "姜春龙", "联系电话": "", "建成节点1982": "", "新老宅": "新", "建成节点2021": "前", "宅基地面积": 228.9, "建筑面积": 95.52, "认定人口": 3, "是否确权": "是", "是否交房": "是", "是否签约": "是", "是否组卷": "", "是否过审": "", "是否拆房": "", "合同金额_（元）": null, "已支付金额_（元）": null, "本次支付": null, "层数": 1, "进度状态": 3, "Shape_Length": 61.473977099219219, "Shape_Area": 228.89290083976863 }, "geometry": { "type": "MultiPolygon", "coordinates": [ [ [ [ 115.856027648522229, 39.81380643009976, 0.0 ], [ 115.856046619671162, 39.813865902020055, 0.0 ], [ 115.856252527002653, 39.813829611788194, 0.0 ], [ 115.856219344494107, 39.813718910541695, 0.0 ], [ 115.85601255878035, 39.813755511774247, 0.0 ], [ 115.856027648522229, 39.81380643009976, 0.0 ] ] ] ] } },
{ "type": "Feature", "properties": { "OBJECTID": 36, "编码": "FZZ-1-026", "OBJECTID_1": 216, "序号": "216", "村": "佛子庄", "编号": "FZZ-1-026", "组别": "一组", "宅基地坐落": "北京市房山区佛子庄乡佛子庄村三区40号", "产权人": "姜海洋", "联系电话": "", "建成节点1982": "", "新老宅": "新", "建成节点2021": "前", "宅基地面积": 483.45, "建筑面积": 34.83, "认定人口": 6, "是否确权": "是", "是否交房": "是", "是否签约": "是", "是否组卷": "", "是否过审": "", "是否拆房": "是", "合同金额_（元）": null, "已支付金额_（元）": null, "本次支付": null, "层数": 2, "进度状态": 3, "Shape_Length": 91.293330399574984, "Shape_Area": 483.44689608508429 }, "geometry": { "type": "MultiPolygon", "coordinates": [ [ [ [ 115.855904643170902, 39.810774120618568, 0.0 ], [ 115.856240409281824, 39.810744391147999, 0.0 ], [ 115.856218161867815, 39.810594954054338, 0.0 ], [ 115.855882397630239, 39.81062468438347, 0.0 ], [ 115.855904643170902, 39.810774120618568, 0.0 ] ] ] ] } },
{ "type": "Feature", "properties": { "OBJECTID": 37, "编码": "FZZ-1-027", "OBJECTID_1": 217, "序号": "217", "村": "佛子庄", "编号": "FZZ-1-027", "组别": "一组", "宅基地坐落": "北京市房山区佛子庄乡佛子庄村三区84号北侧", "产权人": "韩思思", "联系电话": "", "建成节点1982": "", "新老宅": "新", "建成节点2021": "前", "宅基地面积": 225.47, "建筑面积": 13.95, "认定人口": 1, "是否确权": "是", "是否交房": "是", "是否签约": "是", "是否组卷": "是", "是否过审": "", "是否拆房": "", "合同金额_（元）": null, "已支付金额_（元）": null, "本次支付": null, "层数": 1, "进度状态": 4, "Shape_Length": 64.515542781815341, "Shape_Area": 225.46992983600694 }, "geometry": { "type": "MultiPolygon", "coordinates": [ [ [ [ 115.856066014078621, 39.81507055288548, 188.469899999996414 ], [ 115.856309217846501, 39.815085291765222, 188.469899999996414 ], [ 115.856332160642026, 39.814984949743206, 188.469899999996414 ], [ 115.856064892548829, 39.81498569749548, 188.469899999996414 ], [ 115.856066014078621, 39.81507055288548, 188.469899999996414 ] ] ] ] } },
{ "type": "Feature", "properties": { "OBJECTID": 38, "编码": "FZZ-1-028", "OBJECTID_1": 218, "序号": "218", "村": "佛子庄", "编号": "FZZ-1-028", "组别": "一组", "宅基地坐落": "北京市房山区佛子庄乡佛子庄村三区83号", "产权人": "姜金友", "联系电话": "", "建成节点1982": "", "新老宅": "新", "建成节点2021": "前", "宅基地面积": 428.75, "建筑面积": 164.94, "认定人口": 3, "是否确权": "是", "是否交房": "是", "是否签约": "是", "是否组卷": "是", "是否过审": "", "是否拆房": "", "合同金额_（元）": null, "已支付金额_（元）": null, "本次支付": null, "层数": 1, "进度状态": 4, "Shape_Length": 97.46162951622739, "Shape_Area": 428.74854240128957 }, "geometry": { "type": "MultiPolygon", "coordinates": [ [ [ [ 115.847464359808669, 39.820378134560052, 0.0 ], [ 115.847457063981224, 39.820265707691611, 0.0 ], [ 115.847325262847733, 39.820270793494807, 0.0 ], [ 115.84729610265201, 39.820271918629842, 0.0 ], [ 115.847295926997077, 39.820269220444089, 0.0 ], [ 115.84725277165218, 39.820270884675075, 0.0 ], [ 115.847250116267887, 39.820290772682768, 0.0 ], [ 115.847237554167677, 39.820291172919021, 0.0 ], [ 115.84709217505781, 39.820292937164403, 0.0 ], [ 115.847093507494478, 39.820358218853357, 0.0 ], [ 115.847066650962475, 39.820358544562389, 0.0 ], [ 115.847067119802233, 39.820381505890047, 0.0 ], [ 115.847093976358224, 39.820381179280574, 0.0 ], [ 115.847433748475908, 39.820422280286131, 0.0 ], [ 115.84743170047301, 39.820379395182862, 0.0 ], [ 115.847464359808669, 39.820378134560052, 0.0 ] ] ] ] } },
{ "type": "Feature", "properties": { "OBJECTID": 39, "编码": "FZZ-1-029", "OBJECTID_1": 219, "序号": "219", "村": "佛子庄", "编号": "FZZ-1-029", "组别": "一组", "宅基地坐落": "北京市房山区佛子庄乡佛子庄村三区1内2号", "产权人": "姜永旺", "联系电话": "", "建成节点1982": "", "新老宅": "新", "建成节点2021": "前", "宅基地面积": 102.0, "建筑面积": 144.9, "认定人口": 1, "是否确权": "是", "是否交房": "是", "是否签约": "是", "是否组卷": "是", "是否过审": "", "是否拆房": "是", "合同金额_（元）": null, "已支付金额_（元）": null, "本次支付": null, "层数": 2, "进度状态": 4, "Shape_Length": 65.094899408469274, "Shape_Area": 101.99582262263942 }, "geometry": { "type": "MultiPolygon", "coordinates": [ [ [ [ 115.855909558627459, 39.81080713976457, 0.0 ], [ 115.855939837048226, 39.810804458198824, 0.0 ], [ 115.855945676371832, 39.810803941185924, 0.0 ], [ 115.855957680758507, 39.810801150566341, 0.0 ], [ 115.85624507057787, 39.810775703808375, 0.0 ], [ 115.856240409281824, 39.810744391147999, 0.0 ], [ 115.855904643170902, 39.810774120618568, 0.0 ], [ 115.855909558627459, 39.81080713976457, 0.0 ] ] ] ] } },
{ "type": "Feature", "properties": { "OBJECTID": 40, "编码": "HG-1-001", "OBJECTID_1": 229, "序号": "229", "村": "花港", "编号": "HG-1-001", "组别": "四组", "宅基地坐落": "北京房山区南窖乡花港村刘家台6号内1号", "产权人": "张现宝", "联系电话": "", "建成节点1982": "", "新老宅": "老", "建成节点2021": "前", "宅基地面积": 119.82, "建筑面积": 80.64, "认定人口": null, "是否确权": "是", "是否交房": "是", "是否签约": "是", "是否组卷": "是", "是否过审": "", "是否拆房": "", "合同金额_（元）": null, "已支付金额_（元）": null, "本次支付": null, "层数": 1, "进度状态": 4, "Shape_Length": 68.83058389082548, "Shape_Area": 238.42023521501346 }, "geometry": { "type": "MultiPolygon", "coordinates": [ [ [ [ 115.838049110180563, 39.810729132033998, 217.235000000000582 ], [ 115.838021951199636, 39.810734463661653, 217.235000000000582 ], [ 115.837977634386021, 39.810732628355154, 217.235000000000582 ], [ 115.837951787522599, 39.810737710128372, 217.235000000000582 ], [ 115.83792223227799, 39.810748032359442, 217.235000000000582 ], [ 115.837897805757123, 39.810762386675272, 217.235000000000582 ], [ 115.83789151321281, 39.810774067673826, 217.235000000000582 ], [ 115.837893893107989, 39.810783917227958, 217.235000000000582 ], [ 115.837928173733474, 39.810826544493992, 217.235000000000582 ], [ 115.837951011431457, 39.810865625793333, 217.235000000000582 ], [ 115.837977192251202, 39.810916304475839, 217.235000000000582 ], [ 115.837997008806155, 39.810899706470607, 217.235000000000582 ], [ 115.838030835261563, 39.810951281276033, 217.235000000000582 ], [ 115.838076505498762, 39.810885507396421, 217.235000000000582 ], [ 115.838081621529412, 39.810871430675952, 217.235000000000582 ], [ 115.838064338313742, 39.810819068714359, 217.235000000000582 ], [ 115.838071126906954, 39.810817735343768, 217.235000000000582 ], [ 115.8380535547861, 39.810764500492184, 217.235000000000582 ], [ 115.838060344526525, 39.810763168034292, 217.235000000000582 ], [ 115.838049110180563, 39.810729132033998, 217.235000000000582 ] ] ] ] } },
{ "type": "Feature", "properties": { "OBJECTID": 41, "编码": "HG-1-002", "OBJECTID_1": 230, "序号": "230", "村": "花港", "编号": "HG-1-002", "组别": "四组", "宅基地坐落": "北京房山区南窖乡花港村刘家台5号", "产权人": "张定柱", "联系电话": "", "建成节点1982": "", "新老宅": "老", "建成节点2021": "前", "宅基地面积": 297.87, "建筑面积": 144.07, "认定人口": null, "是否确权": "是", "是否交房": "是", "是否签约": "是", "是否组卷": "是", "是否过审": "", "是否拆房": "", "合同金额_（元）": null, "已支付金额_（元）": null, "本次支付": null, "层数": 1, "进度状态": 4, "Shape_Length": 78.578013801979282, "Shape_Area": 347.70331513932905 }, "geometry": { "type": "MultiPolygon", "coordinates": [ [ [ [ 115.838119336580533, 39.810952284685499, 218.38300000000163 ], [ 115.838312544850737, 39.810940264368561, 218.38300000000163 ], [ 115.83830691192216, 39.810886406992616, 218.38300000000163 ], [ 115.838330389132267, 39.810884947105926, 218.38300000000163 ], [ 115.838322092460714, 39.810805632376066, 218.38300000000163 ], [ 115.838307806466574, 39.810798655462094, 218.38300000000163 ], [ 115.838160255718293, 39.810765506915416, 218.38300000000163 ], [ 115.838100799565055, 39.81075071239313, 218.38300000000163 ], [ 115.838102992463561, 39.81078325198115, 218.38300000000163 ], [ 115.838104144633263, 39.810800339191459, 218.38300000000163 ], [ 115.838105472047175, 39.810809723390271, 218.38300000000163 ], [ 115.838109272280718, 39.810851043865625, 218.38300000000163 ], [ 115.838112216973585, 39.810882558876379, 218.38300000000163 ], [ 115.838096303548582, 39.810883183945727, 218.38300000000163 ], [ 115.838102913751214, 39.810952507482753, 218.38300000000163 ], [ 115.838119336580533, 39.810952284685499, 218.38300000000163 ] ] ] ] } },
{ "type": "Feature", "properties": { "OBJECTID": 42, "编码": "HG-1-003", "OBJECTID_1": 231, "序号": "231", "村": "花港", "编号": "HG-1-003", "组别": "四组", "宅基地坐落": "北京房山区南窖乡花港村隗家台15号", "产权人": "张秀芝", "联系电话": "", "建成节点1982": "", "新老宅": "老", "建成节点2021": "前", "宅基地面积": 167.53, "建筑面积": 89.33, "认定人口": null, "是否确权": "是", "是否交房": "是", "是否签约": "是", "是否组卷": "是", "是否过审": "", "是否拆房": "", "合同金额_（元）": null, "已支付金额_（元）": null, "本次支付": null, "层数": 1, "进度状态": 4, "Shape_Length": 51.226303639592992, "Shape_Area": 167.52984993164259 }, "geometry": { "type": "MultiPolygon", "coordinates": [ [ [ [ 115.840325967773609, 39.798666922523324, 229.437999999994645 ], [ 115.840362998594173, 39.798585325624991, 229.437999999994645 ], [ 115.840356387403901, 39.798583540271196, 229.437999999994645 ], [ 115.840361402101621, 39.798572491179392, 229.437999999994645 ], [ 115.840329338435794, 39.79853139255669, 229.437999999994645 ], [ 115.840244491401748, 39.798508482080372, 229.437999999994645 ], [ 115.840189330562481, 39.798630027433951, 229.437999999994645 ], [ 115.840325967773609, 39.798666922523324, 229.437999999994645 ] ] ] ] } },
{ "type": "Feature", "properties": { "OBJECTID": 43, "编码": "HG-1-004", "OBJECTID_1": 232, "序号": "232", "村": "花港", "编号": "HG-1-004", "组别": "四组", "宅基地坐落": "北京房山区南窖乡花港村孟家沟11号", "产权人": "付兰停", "联系电话": "", "建成节点1982": "", "新老宅": "老", "建成节点2021": "前", "宅基地面积": 196.65, "建筑面积": 107.99, "认定人口": null, "是否确权": "是", "是否交房": "是", "是否签约": "是", "是否组卷": "是", "是否过审": "", "是否拆房": "", "合同金额_（元）": null, "已支付金额_（元）": null, "本次支付": null, "层数": 1, "进度状态": 4, "Shape_Length": 60.400049049317232, "Shape_Area": 196.65022694594938 }, "geometry": { "type": "MultiPolygon", "coordinates": [ [ [ [ 115.837720864214731, 39.804138702136079, 217.585000000006403 ], [ 115.837950659240903, 39.804080947163108, 217.585000000006403 ], [ 115.837916293360806, 39.803999605111891, 217.585000000006403 ], [ 115.837686498564878, 39.804057360921547, 217.585000000006403 ], [ 115.837720864214731, 39.804138702136079, 217.585000000006403 ] ] ] ] } },
{ "type": "Feature", "properties": { "OBJECTID": 44, "编码": "HG-1-006", "OBJECTID_1": 234, "序号": "234", "村": "花港", "编号": "HG-1-006", "组别": "四组", "宅基地坐落": "北京房山区南窖乡花港村孟家沟9号", "产权人": "隗和民", "联系电话": "", "建成节点1982": "", "新老宅": "老", "建成节点2021": "前", "宅基地面积": 237.4, "建筑面积": 146.27, "认定人口": null, "是否确权": "是", "是否交房": "是", "是否签约": "是", "是否组卷": "", "是否过审": "", "是否拆房": "", "合同金额_（元）": null, "已支付金额_（元）": null, "本次支付": null, "层数": 1, "进度状态": 3, "Shape_Length": 67.910820163656723, "Shape_Area": 199.73688271910814 }, "geometry": { "type": "MultiPolygon", "coordinates": [ [ [ [ 115.838422477576657, 39.803857517593293, 225.471999999994296 ], [ 115.838517297868833, 39.803788061133687, 225.471999999994296 ], [ 115.838477899812233, 39.803756064990132, 225.471999999994296 ], [ 115.838474683654923, 39.803753452526543, 225.471999999994296 ], [ 115.838511717227377, 39.80372632563445, 225.471999999994296 ], [ 115.838461063813824, 39.80368518722819, 225.471999999994296 ], [ 115.83841563737704, 39.803641176827277, 225.471999999994296 ], [ 115.838398574203879, 39.803712857197091, 225.471999999994296 ], [ 115.838303393755439, 39.803790113797682, 225.471999999994296 ], [ 115.83831143026427, 39.803794793711859, 225.471999999994296 ], [ 115.83833153127317, 39.803811118709135, 225.471999999994296 ], [ 115.838349309808095, 39.803798095471286, 225.471999999994296 ], [ 115.838352525977754, 39.80380070703783, 225.471999999994296 ], [ 115.838383079541103, 39.803825520517499, 225.471999999994296 ], [ 115.838422477576657, 39.803857517593293, 225.471999999994296 ] ] ] ] } },
{ "type": "Feature", "properties": { "OBJECTID": 45, "编码": "HG-1-007", "OBJECTID_1": 235, "序号": "235", "村": "花港", "编号": "HG-1-007", "组别": "四组", "宅基地坐落": "北京房山区南窖乡花港村孟家沟9号内1号", "产权人": "孔令勇", "联系电话": "", "建成节点1982": "", "新老宅": "老", "建成节点2021": "前", "宅基地面积": 201.36, "建筑面积": 101.04, "认定人口": null, "是否确权": "是", "是否交房": "是", "是否签约": "是", "是否组卷": "是", "是否过审": "", "是否拆房": "", "合同金额_（元）": null, "已支付金额_（元）": null, "本次支付": null, "层数": 1, "进度状态": 4, "Shape_Length": 35.822031939064487, "Shape_Area": 79.920296985918853 }, "geometry": { "type": "MultiPolygon", "coordinates": [ [ [ [ 115.838490592604359, 39.803920639254713, 225.471999999994296 ], [ 115.838564248474441, 39.803866686642628, 225.471999999994296 ], [ 115.838524850366881, 39.803834689614, 225.471999999994296 ], [ 115.838519306935908, 39.803827573286462, 225.471999999994296 ], [ 115.838492774708399, 39.803806024307072, 225.471999999994296 ], [ 115.838417425877978, 39.803861217186181, 225.471999999994296 ], [ 115.838490592604359, 39.803920639254713, 225.471999999994296 ] ] ] ] } },
{ "type": "Feature", "properties": { "OBJECTID": 46, "编码": "HG-1-008", "OBJECTID_1": 236, "序号": "236", "村": "花港", "编号": "HG-1-008", "组别": "四组", "宅基地坐落": "北京房山区南窖乡花港村孟家沟10号内2号", "产权人": "孔令强", "联系电话": "", "建成节点1982": "", "新老宅": "老", "建成节点2021": "前", "宅基地面积": 73.66, "建筑面积": 59.88, "认定人口": null, "是否确权": "是", "是否交房": "是", "是否签约": "是", "是否组卷": "是", "是否过审": "", "是否拆房": "", "合同金额_（元）": null, "已支付金额_（元）": null, "本次支付": null, "层数": 1, "进度状态": 4, "Shape_Length": 11.399918442926189, "Shape_Area": 7.9998759733830775 }, "geometry": { "type": "MultiPolygon", "coordinates": [ [ [ [ 115.837343797663905, 39.804416112050355, 224.779999999998836 ], [ 115.837368980670036, 39.804427496020679, 224.779999999998836 ], [ 115.837387873240061, 39.804402634684855, 224.779999999998836 ], [ 115.837362691407137, 39.80439125073039, 224.779999999998836 ], [ 115.837343797663905, 39.804416112050355, 224.779999999998836 ] ] ] ] } },
{ "type": "Feature", "properties": { "OBJECTID": 47, "编码": "HG-1-009", "OBJECTID_1": 237, "序号": "237", "村": "花港", "编号": "HG-1-009", "组别": "四组", "宅基地坐落": "北京房山区南窖乡花港村孟家沟19号", "产权人": "孔令宝", "联系电话": "", "建成节点1982": "", "新老宅": "老", "建成节点2021": "前", "宅基地面积": 217.74, "建筑面积": 110.89, "认定人口": null, "是否确权": "是", "是否交房": "是", "是否签约": "是", "是否组卷": "", "是否过审": "", "是否拆房": "", "合同金额_（元）": null, "已支付金额_（元）": null, "本次支付": null, "层数": 1, "进度状态": 3, "Shape_Length": 60.999889998844004, "Shape_Area": 217.73916971069542 }, "geometry": { "type": "MultiPolygon", "coordinates": [ [ [ [ 115.837664238434115, 39.804379005670278, 225.585999999995693 ], [ 115.837874830931369, 39.804322418412141, 225.585999999995693 ], [ 115.837831040761799, 39.80422547152461, 225.585999999995693 ], [ 115.837620448513192, 39.804282059608404, 225.585999999995693 ], [ 115.837664238434115, 39.804379005670278, 225.585999999995693 ] ] ] ] } },
{ "type": "Feature", "properties": { "OBJECTID": 48, "编码": "HMC-1-001", "OBJECTID_1": 1, "序号": "1", "村": "红煤厂", "编号": "HMC-1-001", "组别": "一组", "宅基地坐落": "北京市房山区佛子庄乡红煤厂村二区1号", "产权人": "陈正状", "联系电话": "15910217159", "建成节点1982": "前", "新老宅": "老", "建成节点2021": "前", "宅基地面积": 273.61, "建筑面积": 107.62, "认定人口": 3, "是否确权": "是", "是否交房": "是", "是否签约": "是", "是否组卷": "", "是否过审": "", "是否拆房": "", "合同金额_（元）": null, "已支付金额_（元）": null, "本次支付": null, "层数": 1, "进度状态": 3, "Shape_Length": 72.888798508407746, "Shape_Area": 273.60795278394295 }, "geometry": { "type": "MultiPolygon", "coordinates": [ [ [ [ 115.846169538114879, 39.822990258704749, 199.003700000001118 ], [ 115.846191725803877, 39.822990017362649, 199.003700000001118 ], [ 115.846191414293784, 39.82297302958041, 199.003700000001118 ], [ 115.84620136739828, 39.822972920528137, 199.003700000001118 ], [ 115.846436426553964, 39.822964198541982, 199.003700000001118 ], [ 115.846429746431625, 39.822857158955898, 199.003700000001118 ], [ 115.846167274281683, 39.822866897967657, 199.003700000001118 ], [ 115.846168381489022, 39.822927227619715, 199.003700000001118 ], [ 115.846169538114879, 39.822990258704749, 199.003700000001118 ] ] ] ] } },
{ "type": "Feature", "properties": { "OBJECTID": 49, "编码": "HMC-1-002", "OBJECTID_1": 2, "序号": "2", "村": "红煤厂", "编号": "HMC-1-002", "组别": "二组", "宅基地坐落": "北京市房山区佛子庄乡红煤厂村一区22号", "产权人": "陈正午", "联系电话": "13716443953", "建成节点1982": "后", "新老宅": "新", "建成节点2021": "前", "宅基地面积": 179.0, "建筑面积": 88.83, "认定人口": 3, "是否确权": "是", "是否交房": "是", "是否签约": "是", "是否组卷": "是", "是否过审": "", "是否拆房": "是", "合同金额_（元）": null, "已支付金额_（元）": null, "本次支付": null, "层数": 1, "进度状态": 4, "Shape_Length": 53.600060295053538, "Shape_Area": 178.99756650304656 }, "geometry": { "type": "MultiPolygon", "coordinates": [ [ [ [ 115.841942450606354, 39.820798846563349, -133.907900000005611 ], [ 115.841937023473818, 39.820822340751548, -133.907900000005611 ], [ 115.842099714599499, 39.820844686887064, -133.907900000005611 ], [ 115.842107804212034, 39.820809666183912, -133.907900000005611 ], [ 115.842115177140826, 39.820777749949528, -133.907900000005611 ], [ 115.842125621946579, 39.820732533480026, -133.907900000005611 ], [ 115.842075031921141, 39.820725585557042, -133.907900000005611 ], [ 115.841962931060181, 39.820710188284586, -133.907900000005611 ], [ 115.841952486166974, 39.820755403837644, -133.907900000005611 ], [ 115.841942450606354, 39.820798846563349, -133.907900000005611 ] ] ] ] } },
{ "type": "Feature", "properties": { "OBJECTID": 50, "编码": "HMC-1-003", "OBJECTID_1": 3, "序号": "3", "村": "红煤厂", "编号": "HMC-1-003", "组别": "二组", "宅基地坐落": "北京市房山区佛子庄乡红煤厂村一区22内3号", "产权人": "陈正德", "联系电话": "13716596861(栾娜）", "建成节点1982": "后", "新老宅": "新", "建成节点2021": "前", "宅基地面积": 87.68, "建筑面积": 62.28, "认定人口": 2, "是否确权": "是", "是否交房": "是", "是否签约": "是", "是否组卷": "是", "是否过审": "", "是否拆房": "是", "合同金额_（元）": null, "已支付金额_（元）": null, "本次支付": null, "层数": 1, "进度状态": 4, "Shape_Length": 40.19992374059678, "Shape_Area": 87.679668851790581 }, "geometry": { "type": "MultiPolygon", "coordinates": [ [ [ [ 115.841766551032151, 39.820798355937811, 0.0 ], [ 115.841924159065613, 39.820819591548137, 0.0 ], [ 115.841937024153125, 39.820762817356176, 0.0 ], [ 115.841779416244592, 39.820741581764935, 0.0 ], [ 115.841766551032151, 39.820798355937811, 0.0 ] ] ] ] } },
{ "type": "Feature", "properties": { "OBJECTID": 51, "编码": "HMC-1-004", "OBJECTID_1": 4, "序号": "4", "村": "红煤厂", "编号": "HMC-1-004", "组别": "二组", "宅基地坐落": "北京市房山区佛子庄乡红煤厂村西仓4号内1号", "产权人": "朱仕良", "联系电话": "13716195219", "建成节点1982": "前", "新老宅": "老", "建成节点2021": "前", "宅基地面积": 255.7, "建筑面积": 60.84, "认定人口": 1, "是否确权": "是", "是否交房": "是", "是否签约": "是", "是否组卷": "是", "是否过审": "", "是否拆房": "", "合同金额_（元）": null, "已支付金额_（元）": null, "本次支付": null, "层数": 1, "进度状态": 4, "Shape_Length": 66.411607208276834, "Shape_Area": 255.69703517734825 }, "geometry": { "type": "MultiPolygon", "coordinates": [ [ [ [ 115.84412635373279, 39.821303463443769, 0.0 ], [ 115.844261574551524, 39.821323958579427, 0.0 ], [ 115.844267723793564, 39.821265615896735, 0.0 ], [ 115.844257538386643, 39.821162352651008, 0.0 ], [ 115.844246039173839, 39.821163924943662, 0.0 ], [ 115.844235433446073, 39.821117816802264, 0.0 ], [ 115.844100893917485, 39.821136216955296, 0.0 ], [ 115.844111499557584, 39.8211823251076, 0.0 ], [ 115.84412635373279, 39.821303463443769, 0.0 ] ] ] ] } },
{ "type": "Feature", "properties": { "OBJECTID": 52, "编码": "HMC-1-005", "OBJECTID_1": 6, "序号": "5", "村": "红煤厂", "编号": "HMC-1-005", "组别": "一组", "宅基地坐落": "北京市房山区佛子庄乡红煤厂村西仓4号内2号", "产权人": "朱树合", "联系电话": "18811591843", "建成节点1982": "前", "新老宅": "老", "建成节点2021": "前", "宅基地面积": 227.76, "建筑面积": 154.0, "认定人口": 5, "是否确权": "是", "是否交房": "是", "是否签约": "是", "是否组卷": "", "是否过审": "", "是否拆房": "", "合同金额_（元）": null, "已支付金额_（元）": null, "本次支付": null, "层数": 1, "进度状态": 3, "Shape_Length": 63.499991883759542, "Shape_Area": 227.76002448159096 }, "geometry": { "type": "MultiPolygon", "coordinates": [ [ [ [ 115.845433982428048, 39.8206027699527, 184.120999999999185 ], [ 115.845662294055913, 39.820666732188691, 184.120999999999185 ], [ 115.845705962426877, 39.820574050341861, 184.120999999999185 ], [ 115.845477649893397, 39.820510088183028, 184.120999999999185 ], [ 115.845433982428048, 39.8206027699527, 184.120999999999185 ] ] ] ] } },
{ "type": "Feature", "properties": { "OBJECTID": 53, "编码": "HMC-1-006", "OBJECTID_1": 9, "序号": "6", "村": "红煤厂", "编号": "HMC-1-006", "组别": "二组", "宅基地坐落": "北京市房山区佛子庄乡红煤厂村二区83号", "产权人": "隗兰云", "联系电话": "15011080588", "建成节点1982": "后", "新老宅": "新", "建成节点2021": "前", "宅基地面积": 184.46, "建筑面积": 48.0, "认定人口": 1, "是否确权": "是", "是否交房": "是", "是否签约": "是", "是否组卷": "是", "是否过审": "", "是否拆房": "是", "合同金额_（元）": null, "已支付金额_（元）": null, "本次支付": null, "层数": 1, "进度状态": 4, "Shape_Length": 60.697073521563475, "Shape_Area": 184.45952835085365 }, "geometry": { "type": "MultiPolygon", "coordinates": [ [ [ [ 115.844687259570748, 39.821115516653343, 195.21129999999539 ], [ 115.844713899799302, 39.821060478816435, 195.21129999999539 ], [ 115.844769549032137, 39.821055276245431, 195.21129999999539 ], [ 115.844787937044103, 39.821054039979494, 195.21129999999539 ], [ 115.844777123125027, 39.820958412227746, 195.21129999999539 ], [ 115.844699000008347, 39.820965715487233, 195.21129999999539 ], [ 115.84467813215629, 39.820967666448027, 195.21129999999539 ], [ 115.844680239978274, 39.820981075973457, 195.21129999999539 ], [ 115.844651256116848, 39.820983786378683, 195.21129999999539 ], [ 115.844650553132084, 39.820979315932547, 195.21129999999539 ], [ 115.844607797363238, 39.820983313045751, 195.21129999999539 ], [ 115.844629471271361, 39.821121166201131, 195.21129999999539 ], [ 115.844687259570748, 39.821115516653343, 195.21129999999539 ] ] ] ] } },
{ "type": "Feature", "properties": { "OBJECTID": 54, "编码": "HMC-1-007", "OBJECTID_1": 11, "序号": "7", "村": "红煤厂", "编号": "HMC-1-007", "组别": "二组", "宅基地坐落": "北京市房山区佛子庄乡红煤厂村一区7号甲1号", "产权人": "燕爱国", "联系电话": "13716319919", "建成节点1982": "后", "新老宅": "新", "建成节点2021": "前", "宅基地面积": 192.82, "建筑面积": 58.9, "认定人口": 5, "是否确权": "是", "是否交房": "是", "是否签约": "是", "是否组卷": "", "是否过审": "", "是否拆房": "", "合同金额_（元）": null, "已支付金额_（元）": null, "本次支付": null, "层数": 1, "进度状态": 3, "Shape_Length": 59.464142711983996, "Shape_Area": 192.81935577900407 }, "geometry": { "type": "MultiPolygon", "coordinates": [ [ [ [ 115.844479215957008, 39.82112414666566, 195.21129999999539 ], [ 115.844568487387889, 39.821115800900643, 195.21129999999539 ], [ 115.844570202638707, 39.8211267073128, 195.21129999999539 ], [ 115.844629471271361, 39.821121166201131, 195.21129999999539 ], [ 115.844607797363238, 39.820983313045751, 195.21129999999539 ], [ 115.844567078192952, 39.820987119682968, 195.21129999999539 ], [ 115.844567781187422, 39.82099158922906, 195.21129999999539 ], [ 115.844538797317838, 39.820994299606063, 195.21129999999539 ], [ 115.844536688370397, 39.820980889166385, 195.21129999999539 ], [ 115.844475241708366, 39.820986633691014, 195.21129999999539 ], [ 115.844476085061046, 39.820991997144574, 195.21129999999539 ], [ 115.844458694971138, 39.820993623360202, 195.21129999999539 ], [ 115.844479215957008, 39.82112414666566, 195.21129999999539 ] ] ] ] } },
{ "type": "Feature", "properties": { "OBJECTID": 55, "编码": "HMC-1-008", "OBJECTID_1": 10, "序号": "8", "村": "红煤厂", "编号": "HMC-1-008", "组别": "二组", "宅基地坐落": "北京市房山区佛子庄乡红煤厂村一区7内1号", "产权人": "燕冲", "联系电话": "13810173526", "建成节点1982": "前", "新老宅": "老", "建成节点2021": "前", "宅基地面积": 321.48, "建筑面积": 223.44, "认定人口": 1, "是否确权": "是", "是否交房": "是", "是否签约": "是", "是否组卷": "是", "是否过审": "是", "是否拆房": "", "合同金额_（元）": 3624034.6, "已支付金额_（元）": 0, "本次支付": 1338034.6, "层数": 1, "进度状态": 5, "Shape_Length": 73.799961512821639, "Shape_Area": 321.47955122038672 }, "geometry": { "type": "MultiPolygon", "coordinates": [ [ [ [ 115.844722723398633, 39.820835592289725, 0.0 ], [ 115.844458386815106, 39.820860303233871, 0.0 ], [ 115.844478205960982, 39.82098635610636, 0.0 ], [ 115.844742541854913, 39.820961645112789, 0.0 ], [ 115.844722723398633, 39.820835592289725, 0.0 ] ] ] ] } },
{ "type": "Feature", "properties": { "OBJECTID": 56, "编码": "HMC-1-009", "OBJECTID_1": 13, "序号": "9", "村": "红煤厂", "编号": "HMC-1-009", "组别": "二组", "宅基地坐落": "北京市房山区佛子庄乡红煤厂村一区13号西侧", "产权人": "陈天鹏", "联系电话": "13520992988", "建成节点1982": "后", "新老宅": "新", "建成节点2021": "前", "宅基地面积": 58.18, "建筑面积": 16.07, "认定人口": 1, "是否确权": "是", "是否交房": "是", "是否签约": "是", "是否组卷": "是", "是否过审": "", "是否拆房": "", "合同金额_（元）": null, "已支付金额_（元）": null, "本次支付": null, "层数": 1, "进度状态": 4, "Shape_Length": 35.065730672991776, "Shape_Area": 58.755795471088142 }, "geometry": { "type": "MultiPolygon", "coordinates": [ [ [ [ 115.843656577996555, 39.821219386493389, 0.0 ], [ 115.843651844460808, 39.821173459314593, 0.0 ], [ 115.843648711276018, 39.821143054865033, 0.0 ], [ 115.843647854592405, 39.82114343719271, 0.0 ], [ 115.843647795873693, 39.82114289894065, 0.0 ], [ 115.843578501996106, 39.821174180946407, 0.0 ], [ 115.843557385291717, 39.82118065931472, 0.0 ], [ 115.843548150162107, 39.821183450122881, 0.0 ], [ 115.843548172928664, 39.821183485473782, 0.0 ], [ 115.843547504922782, 39.821183690459257, 0.0 ], [ 115.843559976595628, 39.821203046499441, 0.0 ], [ 115.843560495978423, 39.821202858945284, 0.0 ], [ 115.843562422722371, 39.82120218557904, 0.0 ], [ 115.843581237113213, 39.821195653639442, 0.0 ], [ 115.843585094512221, 39.821224310012028, 0.0 ], [ 115.843586520074865, 39.821237299373102, 0.0 ], [ 115.843603974493647, 39.82123616026167, 0.0 ], [ 115.843657965225574, 39.821232851896553, 0.0 ], [ 115.843656577996555, 39.821219386493389, 0.0 ] ] ] ] } },
{ "type": "Feature", "properties": { "OBJECTID": 57, "编码": "HMC-1-010", "OBJECTID_1": 15, "序号": "10", "村": "红煤厂", "编号": "HMC-1-010", "组别": "二组", "宅基地坐落": "北京市房山区佛子庄乡红煤厂村一区17号", "产权人": "姜永安", "联系电话": "15801261990", "建成节点1982": "前", "新老宅": "老", "建成节点2021": "前", "宅基地面积": 249.47, "建筑面积": 110.68, "认定人口": 2, "是否确权": "是", "是否交房": "是", "是否签约": "是", "是否组卷": "", "是否过审": "", "是否拆房": "", "合同金额_（元）": null, "已支付金额_（元）": null, "本次支付": null, "层数": 1, "进度状态": 3, "Shape_Length": 67.49993551521041, "Shape_Area": 249.46513901296859 }, "geometry": { "type": "MultiPolygon", "coordinates": [ [ [ [ 115.843017877480122, 39.821106927087598, 0.0 ], [ 115.843189006167719, 39.821096378949939, 0.0 ], [ 115.843175419134241, 39.820965317554617, 0.0 ], [ 115.843042707193604, 39.820973498321536, 0.0 ], [ 115.843041170976278, 39.82095868680792, 0.0 ], [ 115.842970158221718, 39.820963064367803, 0.0 ], [ 115.842979929804571, 39.821057320152562, 0.0 ], [ 115.843012526173737, 39.821055310846241, 0.0 ], [ 115.843017877480122, 39.821106927087598, 0.0 ] ] ] ] } },
{ "type": "Feature", "properties": { "OBJECTID": 58, "编码": "HMC-1-011", "OBJECTID_1": 16, "序号": "11", "村": "红煤厂", "编号": "HMC-1-011", "组别": "二组", "宅基地坐落": "北京市房山区佛子庄乡红煤厂村一区15号内1号", "产权人": "姜少伟", "联系电话": "13716017826", "建成节点1982": "前", "新老宅": "老", "建成节点2021": "前", "宅基地面积": 260.15, "建筑面积": 138.14, "认定人口": 4, "是否确权": "是", "是否交房": "是", "是否签约": "是", "是否组卷": "", "是否过审": "", "是否拆房": "", "合同金额_（元）": null, "已支付金额_（元）": null, "本次支付": null, "层数": 1, "进度状态": 3, "Shape_Length": 77.170302458449356, "Shape_Area": 260.15295660038907 }, "geometry": { "type": "MultiPolygon", "coordinates": [ [ [ [ 115.843482148163062, 39.821016571183819, 0.0 ], [ 115.843714510691385, 39.820998260574697, 0.0 ], [ 115.843709880251822, 39.820963321919777, 0.0 ], [ 115.843711196642261, 39.820957880919295, 0.0 ], [ 115.84374740502534, 39.820929766172767, 0.0 ], [ 115.843794611125631, 39.820923584709021, 0.0 ], [ 115.843794764779446, 39.820883060392767, 0.0 ], [ 115.843708989535344, 39.82089459436137, 0.0 ], [ 115.843684591421379, 39.820896517162403, 0.0 ], [ 115.843488245188269, 39.820911988677366, 0.0 ], [ 115.843495013475703, 39.820963053439264, 0.0 ], [ 115.843475261762492, 39.820964610033506, 0.0 ], [ 115.843477399722019, 39.820980736133187, 0.0 ], [ 115.843482148163062, 39.821016571183819, 0.0 ] ] ] ] } },
{ "type": "Feature", "properties": { "OBJECTID": 59, "编码": "HMC-1-012", "OBJECTID_1": 17, "序号": "12", "村": "红煤厂", "编号": "HMC-1-012", "组别": "二组", "宅基地坐落": "北京市房山区佛子庄乡红煤厂村一区15号", "产权人": "姜永付", "联系电话": "13716839594", "建成节点1982": "后", "新老宅": "新", "建成节点2021": "前", "宅基地面积": 207.25, "建筑面积": 107.11, "认定人口": 2, "是否确权": "是", "是否交房": "是", "是否签约": "是", "是否组卷": "", "是否过审": "", "是否拆房": "", "合同金额_（元）": null, "已支付金额_（元）": null, "本次支付": null, "层数": 1, "进度状态": 3, "Shape_Length": 58.29458130255675, "Shape_Area": 207.25309352339008 }, "geometry": { "type": "MultiPolygon", "coordinates": [ [ [ [ 115.843542587197518, 39.82118470236135, 0.0 ], [ 115.843677936628353, 39.821125944492771, 0.0 ], [ 115.843645852470488, 39.821081999839038, 0.0 ], [ 115.843602669526902, 39.821023756266761, 0.0 ], [ 115.843603550681379, 39.821007004616156, 0.0 ], [ 115.843482148163062, 39.821016571183819, 0.0 ], [ 115.843482461893814, 39.821019314880942, 0.0 ], [ 115.843486620856552, 39.821046143314625, 0.0 ], [ 115.84349500616058, 39.821100240352735, 0.0 ], [ 115.843513939719458, 39.821145466118423, 0.0 ], [ 115.843542587197518, 39.82118470236135, 0.0 ] ] ] ] } },
{ "type": "Feature", "properties": { "OBJECTID": 60, "编码": "HMC-1-013", "OBJECTID_1": 18, "序号": "13", "村": "红煤厂", "编号": "HMC-1-013", "组别": "四组", "宅基地坐落": "北京市房山区佛子庄乡红煤厂村粮仓路北侧", "产权人": "姜瑶", "联系电话": "13520444899", "建成节点1982": "后", "新老宅": "新", "建成节点2021": " ", "宅基地面积": 83.9, "建筑面积": 68.41, "认定人口": 2, "是否确权": "是", "是否交房": "是", "是否签约": "是", "是否组卷": "是", "是否过审": "", "是否拆房": "", "合同金额_（元）": null, "已支付金额_（元）": null, "本次支付": null, "层数": 1, "进度状态": 4, "Shape_Length": 45.600073264192439, "Shape_Area": 83.900251852742571 }, "geometry": { "type": "MultiPolygon", "coordinates": [ [ [ [ 115.845970510819896, 39.821771027634028, 189.76480000000447 ], [ 115.846099019438142, 39.821752224899512, 189.76480000000447 ], [ 115.846100760456878, 39.821759302132776, 189.76480000000447 ], [ 115.846160425069627, 39.821750572402173, 189.76480000000447 ], [ 115.846147798071343, 39.82169925679171, 189.76480000000447 ], [ 115.846088132333918, 39.821707986504904, 189.76480000000447 ], [ 115.846089004002437, 39.821711525583467, 189.76480000000447 ], [ 115.846002948769979, 39.821724117581979, 189.76480000000447 ], [ 115.846001643025346, 39.821718808980663, 189.76480000000447 ], [ 115.845959188533527, 39.821725020595203, 189.76480000000447 ], [ 115.845970510819896, 39.821771027634028, 189.76480000000447 ] ] ] ] } },
{ "type": "Feature", "properties": { "OBJECTID": 61, "编码": "HMC-1-014", "OBJECTID_1": 19, "序号": "14", "村": "红煤厂", "编号": "HMC-1-014", "组别": "二组", "宅基地坐落": "北京市房山区佛子庄乡红煤厂村二区42号", "产权人": "朱晓萌", "联系电话": "15910253172", "建成节点1982": "后", "新老宅": "新", "建成节点2021": "前", "宅基地面积": 219.33, "建筑面积": 153.9, "认定人口": 1, "是否确权": "是", "是否交房": "是", "是否签约": "是", "是否组卷": "", "是否过审": "", "是否拆房": "", "合同金额_（元）": null, "已支付金额_（元）": null, "本次支付": null, "层数": 1, "进度状态": 3, "Shape_Length": 63.832659219425892, "Shape_Area": 219.33000013571797 }, "geometry": { "type": "MultiPolygon", "coordinates": [ [ [ [ 115.847804115433973, 39.821360306380868, 187.840800000005402 ], [ 115.847788885258723, 39.821270940238215, 187.840800000005402 ], [ 115.847535287717193, 39.821296544780651, 187.840800000005402 ], [ 115.847550478589568, 39.821386006930148, 187.840800000005402 ], [ 115.847804115433973, 39.821360306380868, 187.840800000005402 ] ] ] ] } },
{ "type": "Feature", "properties": { "OBJECTID": 62, "编码": "HMC-1-015", "OBJECTID_1": 20, "序号": "15", "村": "红煤厂", "编号": "HMC-1-015", "组别": "二组", "宅基地坐落": "北京市房山区佛子庄乡红煤厂村一区24号", "产权人": "张玉兰", "联系电话": "13716261469", "建成节点1982": "后", "新老宅": "新", "建成节点2021": "前", "宅基地面积": 186.6, "建筑面积": 116.92, "认定人口": 2, "是否确权": "是", "是否交房": "是", "是否签约": "是", "是否组卷": "", "是否过审": "", "是否拆房": "是", "合同金额_（元）": null, "已支付金额_（元）": null, "本次支付": null, "层数": 1, "进度状态": 3, "Shape_Length": 59.515033723793636, "Shape_Area": 186.60251104169416 }, "geometry": { "type": "MultiPolygon", "coordinates": [ [ [ [ 115.84648457721535, 39.821024915088778, 180.035399999993388 ], [ 115.8464987465875, 39.82100020711767, 180.035399999993388 ], [ 115.846305423944145, 39.820934285302414, 180.035399999993388 ], [ 115.846290920051928, 39.820929339890831, 180.035399999993388 ], [ 115.846289185835587, 39.820931143687247, 180.035399999993388 ], [ 115.846278805039717, 39.820925208073234, 180.035399999993388 ], [ 115.84626042328469, 39.820959313466886, 180.035399999993388 ], [ 115.846236807517187, 39.821000494268034, 180.035399999993388 ], [ 115.846262441648491, 39.821009234790274, 180.035399999993388 ], [ 115.846455766822999, 39.821075154901038, 180.035399999993388 ], [ 115.84648457721535, 39.821024915088778, 180.035399999993388 ] ] ] ] } },
{ "type": "Feature", "properties": { "OBJECTID": 63, "编码": "HMC-1-016", "OBJECTID_1": 21, "序号": "16", "村": "红煤厂", "编号": "HMC-1-016", "组别": "二组", "宅基地坐落": "北京市房山区佛子庄乡红煤厂村一区25号东侧", "产权人": "武跃", "联系电话": "13683595442\n15901065781", "建成节点1982": "后", "新老宅": "新", "建成节点2021": "前", "宅基地面积": 43.0, "建筑面积": 35.43, "认定人口": 3, "是否确权": "是", "是否交房": "是", "是否签约": "是", "是否组卷": "", "是否过审": "", "是否拆房": "", "合同金额_（元）": null, "已支付金额_（元）": null, "本次支付": null, "层数": 1, "进度状态": 3, "Shape_Length": 26.299831383448375, "Shape_Area": 43.004442965722006 }, "geometry": { "type": "MultiPolygon", "coordinates": [ [ [ [ 115.846473187534585, 39.821120447105635, 184.120999999999185 ], [ 115.846550359524443, 39.82114257428406, 184.120999999999185 ], [ 115.846575188154176, 39.821091086236464, 184.120999999999185 ], [ 115.846498017380938, 39.821068959086702, 184.120999999999185 ], [ 115.846473187534585, 39.821120447105635, 184.120999999999185 ] ] ] ] } },
{ "type": "Feature", "properties": { "OBJECTID": 64, "编码": "HMC-1-017", "OBJECTID_1": 22, "序号": "17", "村": "红煤厂", "编号": "HMC-1-017", "组别": "二组", "宅基地坐落": "北京市房山区佛子庄乡红煤厂村一区13号东", "产权人": "武成龙", "联系电话": "13581995345", "建成节点1982": "后", "新老宅": "新", "建成节点2021": "前", "宅基地面积": 245.95, "建筑面积": 106.18, "认定人口": 1, "是否确权": "是", "是否交房": "是", "是否签约": "是", "是否组卷": "", "是否过审": "", "是否拆房": "", "合同金额_（元）": null, "已支付金额_（元）": null, "本次支付": null, "层数": 1, "进度状态": 3, "Shape_Length": 69.338660104395302, "Shape_Area": 245.95122360533804 }, "geometry": { "type": "MultiPolygon", "coordinates": [ [ [ [ 115.844114669700829, 39.821242250252034, 0.0 ], [ 115.844108937937008, 39.821210013291044, 0.0 ], [ 115.844097194808199, 39.82116682620574, 0.0 ], [ 115.843824711774758, 39.821188378030683, 0.0 ], [ 115.843796209172098, 39.821190311284518, 0.0 ], [ 115.843798868951509, 39.821213634884977, 0.0 ], [ 115.843803680581374, 39.821258392938148, 0.0 ], [ 115.843807448906674, 39.821261848325229, 0.0 ], [ 115.843810570547532, 39.821263052035633, 0.0 ], [ 115.843857098221562, 39.821268233142341, 0.0 ], [ 115.84390784871313, 39.8212754673837, 0.0 ], [ 115.844114669700829, 39.821242250252034, 0.0 ] ] ] ] } },
{ "type": "Feature", "properties": { "OBJECTID": 65, "编码": "HMC-1-018", "OBJECTID_1": 23, "序号": "18", "村": "红煤厂", "编号": "HMC-1-018", "组别": "二组", "宅基地坐落": "北京市房山区佛子庄乡红煤厂村西仓7号", "产权人": "朱学军", "联系电话": "13261337818", "建成节点1982": "前", "新老宅": "老", "建成节点2021": "前", "宅基地面积": 574.15, "建筑面积": 146.69, "认定人口": 3, "是否确权": "是", "是否交房": "是", "是否签约": "是", "是否组卷": "是", "是否过审": "", "是否拆房": "", "合同金额_（元）": null, "已支付金额_（元）": null, "本次支付": null, "层数": 1, "进度状态": 4, "Shape_Length": 97.062569782553524, "Shape_Area": 574.14894737614395 }, "geometry": { "type": "MultiPolygon", "coordinates": [ [ [ [ 115.843536254199122, 39.81202222395391, 186.592000000004191 ], [ 115.843815817872425, 39.812059691178426, 186.592000000004191 ], [ 115.84382461392336, 39.812020652484293, 186.592000000004191 ], [ 115.843849924154327, 39.812024044253818, 186.592000000004191 ], [ 115.843885173575501, 39.811867611819373, 186.592000000004191 ], [ 115.843580301657099, 39.811826752961295, 186.592000000004191 ], [ 115.843536254199122, 39.81202222395391, 186.592000000004191 ] ] ] ] } },
{ "type": "Feature", "properties": { "OBJECTID": 66, "编码": "HMC-1-020", "OBJECTID_1": 5, "序号": "19", "村": "红煤厂", "编号": "HMC-1-020", "组别": "四组", "宅基地坐落": "北京市房山区佛子庄乡红煤厂村大厂7号", "产权人": "姜少云", "联系电话": "13501267870", "建成节点1982": "后", "新老宅": "新", "建成节点2021": "前", "宅基地面积": 341.4, "建筑面积": 119.89, "认定人口": 3, "是否确权": "是", "是否交房": "是", "是否签约": "是", "是否组卷": "是", "是否过审": "", "是否拆房": "是", "合同金额_（元）": null, "已支付金额_（元）": null, "本次支付": null, "层数": 1, "进度状态": 4, "Shape_Length": 73.473033809204267, "Shape_Area": 341.39925738846728 }, "geometry": { "type": "MultiPolygon", "coordinates": [ [ [ [ 115.839058684453349, 39.83240366437078, 0.0 ], [ 115.839275366818114, 39.832345309711052, 0.0 ], [ 115.839254567417285, 39.83229940181559, 0.0 ], [ 115.839182684286428, 39.832198092221667, 0.0 ], [ 115.838989158372641, 39.832250210272413, 0.0 ], [ 115.839058684453349, 39.83240366437078, 0.0 ] ] ] ] } },
{ "type": "Feature", "properties": { "OBJECTID": 67, "编码": "HMC-1-021", "OBJECTID_1": 7, "序号": "20", "村": "红煤厂", "编号": "HMC-1-021", "组别": "四组", "宅基地坐落": "北京市房山区佛子庄乡红煤厂村大厂7号内3号", "产权人": "姜立凤", "联系电话": "18901116088", "建成节点1982": "前", "新老宅": "老", "建成节点2021": "前", "宅基地面积": 183.5, "建筑面积": 64.19, "认定人口": 2, "是否确权": "是", "是否交房": "是", "是否签约": "是", "是否组卷": "是", "是否过审": "是", "是否拆房": "是", "合同金额_（元）": 2795303.6, "已支付金额_（元）": 0, "本次支付": 509303.6, "层数": 1, "进度状态": 5, "Shape_Length": 56.299889700107357, "Shape_Area": 183.49508317542609 }, "geometry": { "type": "MultiPolygon", "coordinates": [ [ [ [ 115.839258642205678, 39.832305144365442, 0.0 ], [ 115.839408254177684, 39.832242044858155, 0.0 ], [ 115.839349393976704, 39.832159089549322, 0.0 ], [ 115.839301231674298, 39.832179401906608, 0.0 ], [ 115.839284133785497, 39.83215530605974, 0.0 ], [ 115.839182684286428, 39.832198092221667, 0.0 ], [ 115.839258642205678, 39.832305144365442, 0.0 ] ] ] ] } },
{ "type": "Feature", "properties": { "OBJECTID": 68, "编码": "HMC-1-022", "OBJECTID_1": 12, "序号": "21", "村": "红煤厂", "编号": "HMC-1-022", "组别": "一组", "宅基地坐落": "北京市房山区佛子庄乡红煤厂村大厂2号", "产权人": "姜波", "联系电话": "18611390293", "建成节点1982": "前", "新老宅": "老", "建成节点2021": "前", "宅基地面积": 197.07, "建筑面积": 57.1, "认定人口": 2, "是否确权": "是", "是否交房": "是", "是否签约": "是", "是否组卷": "", "是否过审": "", "是否拆房": "是", "合同金额_（元）": null, "已支付金额_（元）": null, "本次支付": null, "层数": 1, "进度状态": 3, "Shape_Length": 56.780055043752313, "Shape_Area": 197.06671282235064 }, "geometry": { "type": "MultiPolygon", "coordinates": [ [ [ [ 115.839805601353873, 39.831942426644865, 0.0 ], [ 115.83968722338038, 39.831841745683001, 0.0 ], [ 115.839641357759078, 39.831873801727674, 0.0 ], [ 115.839572125481823, 39.831922186277467, 0.0 ], [ 115.839643042329683, 39.831982501796467, 0.0 ], [ 115.839648235047164, 39.831978872934002, 0.0 ], [ 115.839695696122646, 39.832019239390888, 0.0 ], [ 115.839805601353873, 39.831942426644865, 0.0 ] ] ] ] } },
{ "type": "Feature", "properties": { "OBJECTID": 69, "编码": "HMC-1-023", "OBJECTID_1": 8, "序号": "22", "村": "红煤厂", "编号": "HMC-1-023", "组别": "四组", "宅基地坐落": "北京市房山区佛子庄乡红煤厂村大厂3号", "产权人": "姜军龙", "联系电话": "15910418901", "建成节点1982": "前", "新老宅": "老", "建成节点2021": "前", "宅基地面积": 227.01, "建筑面积": 80.79, "认定人口": 3, "是否确权": "是", "是否交房": "是", "是否签约": "是", "是否组卷": "是", "是否过审": "是", "是否拆房": "是", "合同金额_（元）": 2971993.6, "已支付金额_（元）": 0, "本次支付": 685993.6, "层数": 1, "进度状态": 5, "Shape_Length": 60.499868491125248, "Shape_Area": 227.00893995207153 }, "geometry": { "type": "MultiPolygon", "coordinates": [ [ [ [ 115.839805601353873, 39.831942426644865, 0.0 ], [ 115.839947959201012, 39.831842933977804, 0.0 ], [ 115.839839700797668, 39.831750860651034, 0.0 ], [ 115.839697342990888, 39.831850353187278, 0.0 ], [ 115.839805601353873, 39.831942426644865, 0.0 ] ] ] ] } },
{ "type": "Feature", "properties": { "OBJECTID": 70, "编码": "HMC-1-024", "OBJECTID_1": 24, "序号": "23", "村": "红煤厂", "编号": "HMC-1-024", "组别": "二组", "宅基地坐落": "北京市房山区佛子庄乡红煤厂村西仓11号", "产权人": "陈淑兰", "联系电话": "13911893218", "建成节点1982": "前", "新老宅": "老", "建成节点2021": "前", "宅基地面积": 278.15, "建筑面积": 88.62, "认定人口": 1, "是否确权": "是", "是否交房": "是", "是否签约": "是", "是否组卷": "", "是否过审": "", "是否拆房": "", "合同金额_（元）": null, "已支付金额_（元）": null, "本次支付": null, "层数": 1, "进度状态": 3, "Shape_Length": 67.699939083181192, "Shape_Area": 278.14427059664052 }, "geometry": { "type": "MultiPolygon", "coordinates": [ [ [ [ 115.836521878102019, 39.821674372376961, 203.342799999998533 ], [ 115.836688083986004, 39.821609517082123, 203.342799999998533 ], [ 115.83666198146139, 39.821569743602929, 203.342799999998533 ], [ 115.836670317205957, 39.821566490416657, 203.342799999998533 ], [ 115.836610467030951, 39.821475292087563, 203.342799999998533 ], [ 115.83642758874656, 39.82154665270339, 203.342799999998533 ], [ 115.836487439904857, 39.821637851134838, 203.342799999998533 ], [ 115.836495775665696, 39.821634597961378, 203.342799999998533 ], [ 115.836521878102019, 39.821674372376961, 203.342799999998533 ] ] ] ] } },
{ "type": "Feature", "properties": { "OBJECTID": 71, "编码": "HMC-1-025", "OBJECTID_1": 25, "序号": "24", "村": "红煤厂", "编号": "HMC-1-025", "组别": "二组", "宅基地坐落": "北京市房山区佛子庄乡红煤厂村西仓6号", "产权人": "姜福红", "联系电话": "18210368983", "建成节点1982": "后", "新老宅": "新", "建成节点2021": "前", "宅基地面积": 161.45, "建筑面积": 47.29, "认定人口": 3, "是否确权": "是", "是否交房": "是", "是否签约": "是", "是否组卷": "", "是否过审": "", "是否拆房": "是", "合同金额_（元）": null, "已支付金额_（元）": null, "本次支付": null, "层数": 1, "进度状态": 3, "Shape_Length": 51.799965453774128, "Shape_Area": 161.45239406966823 }, "geometry": { "type": "MultiPolygon", "coordinates": [ [ [ [ 115.83993341248258, 39.822166686740978, 198.569499999997788 ], [ 115.839951643634933, 39.822259736756266, 198.569499999997788 ], [ 115.840130056048835, 39.822238953050856, 198.569499999997788 ], [ 115.840111824675063, 39.822145902159427, 198.569499999997788 ], [ 115.83993341248258, 39.822166686740978, 198.569499999997788 ] ] ] ] } },
{ "type": "Feature", "properties": { "OBJECTID": 72, "编码": "HMC-1-026", "OBJECTID_1": 26, "序号": "25", "村": "红煤厂", "编号": "HMC-1-026", "组别": "二组", "宅基地坐落": "北京市房山区佛子庄乡红煤厂村西仓6号南侧", "产权人": "朱瑞花", "联系电话": "15910962619", "建成节点1982": "前", "新老宅": "老", "建成节点2021": "前", "宅基地面积": 442.62, "建筑面积": 172.11, "认定人口": 3, "是否确权": "是", "是否交房": "是", "是否签约": "是", "是否组卷": "", "是否过审": "", "是否拆房": "", "合同金额_（元）": null, "已支付金额_（元）": null, "本次支付": null, "层数": 1, "进度状态": 3, "Shape_Length": 87.699977659369637, "Shape_Area": 442.61671035531754 }, "geometry": { "type": "MultiPolygon", "coordinates": [ [ [ [ 115.839816714825346, 39.821984012711205, 198.569499999997788 ], [ 115.839823518166156, 39.822018739978311, 198.569499999997788 ], [ 115.839848346545807, 39.822015847830571, 198.569499999997788 ], [ 115.839879137729056, 39.82217300938548, 198.569499999997788 ], [ 115.840111824675063, 39.822145902159427, 198.569499999997788 ], [ 115.840074228319509, 39.821954014292871, 198.569499999997788 ], [ 115.839816714825346, 39.821984012711205, 198.569499999997788 ] ] ] ] } },
{ "type": "Feature", "properties": { "OBJECTID": 73, "编码": "HMC-1-027", "OBJECTID_1": 27, "序号": "26", "村": "红煤厂", "编号": "HMC-1-027", "组别": "二组", "宅基地坐落": "北京市房山区佛子庄乡红煤厂村西仓1内2号", "产权人": "刘凤梅", "联系电话": "15910359671", "建成节点1982": "前", "新老宅": "老", "建成节点2021": "前", "宅基地面积": 173.33, "建筑面积": 91.86, "认定人口": 4, "是否确权": "是", "是否交房": "是", "是否签约": "是", "是否组卷": "是", "是否过审": "是", "是否拆房": "", "合同金额_（元）": 2932595.4, "已支付金额_（元）": 0, "本次支付": 646595.4, "层数": 1, "进度状态": 5, "Shape_Length": 55.399986896391198, "Shape_Area": 173.3325307661847 }, "geometry": { "type": "MultiPolygon", "coordinates": [ [ [ [ 115.84031846226641, 39.822105584143877, 190.160799999997835 ], [ 115.840220937359874, 39.822250705026882, 190.160799999997835 ], [ 115.840319963725278, 39.822290272760391, 190.160799999997835 ], [ 115.840417489636081, 39.822145152705062, 190.160799999997835 ], [ 115.84031846226641, 39.822105584143877, 190.160799999997835 ] ] ] ] } },
{ "type": "Feature", "properties": { "OBJECTID": 74, "编码": "HMC-1-028", "OBJECTID_1": 28, "序号": "27", "村": "红煤厂", "编号": "HMC-1-028", "组别": "四组", "宅基地坐落": "北京市房山区佛子庄乡红煤厂村二区14号内2号", "产权人": "朱瑞鹏", "联系电话": "13716044106", "建成节点1982": "后", "新老宅": "新", "建成节点2021": "后", "宅基地面积": 210.22, "建筑面积": 223.69, "认定人口": 2, "是否确权": "是", "是否交房": "是", "是否签约": "是", "是否组卷": "", "是否过审": "", "是否拆房": "", "合同金额_（元）": null, "已支付金额_（元）": null, "本次支付": null, "层数": 2, "进度状态": 3, "Shape_Length": 73.079761924407862, "Shape_Area": 210.21636148092381 }, "geometry": { "type": "MultiPolygon", "coordinates": [ [ [ [ 115.842120510572968, 39.822878342567044, 188.074699999997392 ], [ 115.84220603233814, 39.822859040364051, 188.074699999997392 ], [ 115.842112826821605, 39.822613500658058, 188.074699999997392 ], [ 115.842027305338149, 39.822632802797152, 188.074699999997392 ], [ 115.842048794316639, 39.822689412839573, 188.074699999997392 ], [ 115.842054398528035, 39.822688147576208, 188.074699999997392 ], [ 115.842097376581179, 39.822801368547509, 188.074699999997392 ], [ 115.842091772376378, 39.822802632912357, 188.074699999997392 ], [ 115.842120510572968, 39.822878342567044, 188.074699999997392 ] ] ] ] } },
{ "type": "Feature", "properties": { "OBJECTID": 75, "编码": "HMC-1-029", "OBJECTID_1": 29, "序号": "28", "村": "红煤厂", "编号": "HMC-1-029", "组别": "一组", "宅基地坐落": "北京市房山区佛子庄乡红煤厂村二区20号", "产权人": "陈莹", "联系电话": "13810527055", "建成节点1982": "后", "新老宅": "新", "建成节点2021": "前", "宅基地面积": 103.33, "建筑面积": 69.89, "认定人口": 3, "是否确权": "是", "是否交房": "是", "是否签约": "是", "是否组卷": "", "是否过审": "", "是否拆房": "", "合同金额_（元）": null, "已支付金额_（元）": null, "本次支付": null, "层数": 1, "进度状态": 3, "Shape_Length": 41.800020804832684, "Shape_Area": 103.32720062789353 }, "geometry": { "type": "MultiPolygon", "coordinates": [ [ [ [ 115.841294954850241, 39.822358696207381, 182.804999999993015 ], [ 115.84127732938515, 39.822306866347169, 182.804999999993015 ], [ 115.841272245420697, 39.822307894504178, 182.804999999993015 ], [ 115.841253730673216, 39.822253451182021, 182.804999999993015 ], [ 115.841220969725057, 39.82226007579527, 182.804999999993015 ], [ 115.841160531789129, 39.822272295941374, 182.804999999993015 ], [ 115.841179046467374, 39.822326739277273, 182.804999999993015 ], [ 115.841196671878123, 39.822378568250784, 182.804999999993015 ], [ 115.841294954850241, 39.822358696207381, 182.804999999993015 ] ] ] ] } },
{ "type": "Feature", "properties": { "OBJECTID": 76, "编码": "HMC-1-030", "OBJECTID_1": 30, "序号": "29", "村": "红煤厂", "编号": "HMC-1-030", "组别": "一组", "宅基地坐落": "北京市房山区佛子庄乡红煤厂村二区20号内2号", "产权人": "陈秀菊", "联系电话": "", "建成节点1982": "后", "新老宅": "新", "建成节点2021": "前", "宅基地面积": 277.32, "建筑面积": 245.58, "认定人口": null, "是否确权": "是", "是否交房": "是", "是否签约": "是", "是否组卷": "", "是否过审": "", "是否拆房": "", "合同金额_（元）": null, "已支付金额_（元）": null, "本次支付": null, "层数": 1, "进度状态": 3, "Shape_Length": 69.999783652115269, "Shape_Area": 277.31424776629234 }, "geometry": { "type": "MultiPolygon", "coordinates": [ [ [ [ 115.841133832623825, 39.822896813101394, 186.716599999999744 ], [ 115.841309767190253, 39.822875444456514, 186.716599999999744 ], [ 115.841284508741708, 39.822751794553525, 186.716599999999744 ], [ 115.841302389726238, 39.822749622543832, 186.716599999999744 ], [ 115.841298755976609, 39.822731831546264, 186.716599999999744 ], [ 115.841272221265299, 39.822735053696789, 186.716599999999744 ], [ 115.841268042519985, 39.822714594139185, 186.716599999999744 ], [ 115.841108836524398, 39.82273393053427, 186.716599999999744 ], [ 115.841113016391176, 39.822754390108528, 186.716599999999744 ], [ 115.841104940799255, 39.822755371261664, 186.716599999999744 ], [ 115.841133832623825, 39.822896813101394, 186.716599999999744 ] ] ] ] } },
{ "type": "Feature", "properties": { "OBJECTID": 77, "编码": "HMC-1-031", "OBJECTID_1": 31, "序号": "30", "村": "红煤厂", "编号": "HMC-1-031", "组别": "一组", "宅基地坐落": "北京市房山区佛子庄乡红煤厂村二区20号内2号南侧", "产权人": "陈正强", "联系电话": "13716563886", "建成节点1982": "后", "新老宅": "新", "建成节点2021": "前", "宅基地面积": 170.32, "建筑面积": 69.24, "认定人口": 1, "是否确权": "是", "是否交房": "是", "是否签约": "是", "是否组卷": "", "是否过审": "", "是否拆房": "", "合同金额_（元）": null, "已支付金额_（元）": null, "本次支付": null, "层数": 1, "进度状态": 3, "Shape_Length": 57.300170985563589, "Shape_Area": 170.31629178566786 }, "geometry": { "type": "MultiPolygon", "coordinates": [ [ [ [ 115.841272221265299, 39.822735053696789, 186.716599999999744 ], [ 115.841298755976609, 39.822731831546264, 186.716599999999744 ], [ 115.84127595070224, 39.822620189710719, 186.716599999999744 ], [ 115.841090210228842, 39.822642749129933, 186.716599999999744 ], [ 115.841108836524398, 39.82273393053427, 186.716599999999744 ], [ 115.841268042519985, 39.822714594139185, 186.716599999999744 ], [ 115.841272221265299, 39.822735053696789, 186.716599999999744 ] ] ] ] } },
{ "type": "Feature", "properties": { "OBJECTID": 78, "编码": "HMC-1-032", "OBJECTID_1": 32, "序号": "31", "村": "红煤厂", "编号": "HMC-1-032", "组别": "一组", "宅基地坐落": "北京市房山区佛子庄乡红煤厂村二区6号", "产权人": "马学敏", "联系电话": "13716015858", "建成节点1982": "前", "新老宅": "老", "建成节点2021": "前", "宅基地面积": 199.96, "建筑面积": 105.04, "认定人口": 1, "是否确权": "是", "是否交房": "是", "是否签约": "是", "是否组卷": "", "是否过审": "", "是否拆房": "", "合同金额_（元）": null, "已支付金额_（元）": null, "本次支付": null, "层数": 1, "进度状态": 3, "Shape_Length": 56.800043147514032, "Shape_Area": 199.95025099963192 }, "geometry": { "type": "MultiPolygon", "coordinates": [ [ [ [ 115.845147942837215, 39.822980932058016, 187.930500000002212 ], [ 115.845138230751672, 39.822865004683841, 187.930500000002212 ], [ 115.844957583767098, 39.822874002815809, 187.930500000002212 ], [ 115.84496729553446, 39.822989931101056, 187.930500000002212 ], [ 115.845147942837215, 39.822980932058016, 187.930500000002212 ] ] ] ] } },
{ "type": "Feature", "properties": { "OBJECTID": 79, "编码": "HMC-1-033", "OBJECTID_1": 33, "序号": "32", "村": "红煤厂", "编号": "HMC-1-033", "组别": "一组", "宅基地坐落": "北京市房山区佛子庄乡红煤厂村二区6内2号", "产权人": "朱铁牛", "联系电话": "15600367777", "建成节点1982": "后", "新老宅": "新", "建成节点2021": "前", "宅基地面积": 296.31, "建筑面积": 175.4, "认定人口": 5, "是否确权": "是", "是否交房": "是", "是否签约": "是", "是否组卷": "", "是否过审": "", "是否拆房": "", "合同金额_（元）": null, "已支付金额_（元）": null, "本次支付": null, "层数": 1, "进度状态": 3, "Shape_Length": 68.899992177598847, "Shape_Area": 296.3099662969837 }, "geometry": { "type": "MultiPolygon", "coordinates": [ [ [ [ 115.844759260490946, 39.823000293554607, 187.930500000002212 ], [ 115.84496729553446, 39.822989931101056, 187.930500000002212 ], [ 115.844954797778669, 39.822840752320701, 187.930500000002212 ], [ 115.844746763184361, 39.822851114758549, 187.930500000002212 ], [ 115.844759260490946, 39.823000293554607, 187.930500000002212 ] ] ] ] } },
{ "type": "Feature", "properties": { "OBJECTID": 80, "编码": "HMC-1-034", "OBJECTID_1": 34, "序号": "33", "村": "红煤厂", "编号": "HMC-1-034", "组别": "一组", "宅基地坐落": "北京市房山区佛子庄乡红煤厂村西仓10号内2号", "产权人": "陈正刚", "联系电话": "13601193730", "建成节点1982": "前", "新老宅": "老", "建成节点2021": "前", "宅基地面积": 138.98, "建筑面积": 138.98, "认定人口": 3, "是否确权": "是", "是否交房": "是", "是否签约": "是", "是否组卷": "是", "是否过审": "是", "是否拆房": "是", "合同金额_（元）": 3032509.2, "已支付金额_（元）": 0, "本次支付": 746509.2, "层数": 1, "进度状态": 5, "Shape_Length": 47.300052352059126, "Shape_Area": 138.97527887930744 }, "geometry": { "type": "MultiPolygon", "coordinates": [ [ [ [ 115.84070959671908, 39.822842476075209, 186.30449999999837 ], [ 115.84083634273334, 39.822833334171193, 186.30449999999837 ], [ 115.840822473899181, 39.822719013955599, 186.30449999999837 ], [ 115.840695726911008, 39.822728156736432, 186.30449999999837 ], [ 115.84070959671908, 39.822842476075209, 186.30449999999837 ] ] ] ] } },
{ "type": "Feature", "properties": { "OBJECTID": 81, "编码": "HMC-1-035", "OBJECTID_1": 35, "序号": "34", "村": "红煤厂", "编号": "HMC-1-035", "组别": "一组", "宅基地坐落": "北京市房山区佛子庄乡红煤厂村一区22内3号西侧", "产权人": "陈思", "联系电话": "15910338236", "建成节点1982": "后", "新老宅": "新", "建成节点2021": "前", "宅基地面积": 95.45, "建筑面积": 60.05, "认定人口": 1, "是否确权": "是", "是否交房": "是", "是否签约": "是", "是否组卷": "是", "是否过审": "是", "是否拆房": "", "合同金额_（元）": 2239693.0, "已支付金额_（元）": 0, "本次支付": 489693.0, "层数": 1, "进度状态": 5, "Shape_Length": 40.999630772777799, "Shape_Area": 95.449919771514971 }, "geometry": { "type": "MultiPolygon", "coordinates": [ [ [ [ 115.841451701776492, 39.820670083511445, 0.0 ], [ 115.841607036692821, 39.820680393113612, 0.0 ], [ 115.841614196622189, 39.820616243598785, 0.0 ], [ 115.841458863016527, 39.820605934019831, 0.0 ], [ 115.841451701776492, 39.820670083511445, 0.0 ] ] ] ] } },
{ "type": "Feature", "properties": { "OBJECTID": 82, "编码": "HMC-1-036", "OBJECTID_1": 36, "序号": "35", "村": "红煤厂", "编号": "HMC-1-036", "组别": "一组", "宅基地坐落": "北京市房山区佛子庄乡红煤厂村二区18号", "产权人": "姜永革", "联系电话": "13716044370", "建成节点1982": "前", "新老宅": "老", "建成节点2021": "前", "宅基地面积": 328.47, "建筑面积": 275.64, "认定人口": 3, "是否确权": "是", "是否交房": "是", "是否签约": "是", "是否组卷": "", "是否过审": "", "是否拆房": "", "合同金额_（元）": null, "已支付金额_（元）": null, "本次支付": null, "层数": 2, "进度状态": 3, "Shape_Length": 74.600037065280247, "Shape_Area": 328.46973054464138 }, "geometry": { "type": "MultiPolygon", "coordinates": [ [ [ [ 115.840385216576195, 39.823178910563875, 174.523000000001048 ], [ 115.840585663014423, 39.823168763815502, 174.523000000001048 ], [ 115.840581339884082, 39.82311799263163, 174.523000000001048 ], [ 115.840616301956047, 39.823116222893731, 174.523000000001048 ], [ 115.840607541656027, 39.823013332969168, 174.523000000001048 ], [ 115.840372133643669, 39.82302524943767, 174.523000000001048 ], [ 115.840385216576195, 39.823178910563875, 174.523000000001048 ] ] ] ] } },
{ "type": "Feature", "properties": { "OBJECTID": 83, "编码": "HMC-1-037", "OBJECTID_1": 37, "序号": "36", "村": "红煤厂", "编号": "HMC-1-037", "组别": "一组", "宅基地坐落": "北京市房山区佛子庄乡红煤厂村二区18号南侧", "产权人": "姜鹏", "联系电话": "13716839633", "建成节点1982": "后", "新老宅": "新", "建成节点2021": "前", "宅基地面积": 209.13, "建筑面积": 59.35, "认定人口": 1, "是否确权": "是", "是否交房": "是", "是否签约": "是", "是否组卷": "", "是否过审": "", "是否拆房": "", "合同金额_（元）": null, "已支付金额_（元）": null, "本次支付": null, "层数": 1, "进度状态": 3, "Shape_Length": 62.200019363028154, "Shape_Area": 209.12977187681258 }, "geometry": { "type": "MultiPolygon", "coordinates": [ [ [ [ 115.840372133643669, 39.82302524943767, 174.523000000001048 ], [ 115.840607541656027, 39.823013332969168, 174.523000000001048 ], [ 115.840601803193067, 39.822945937617519, 174.523000000001048 ], [ 115.840563928098916, 39.822947854758603, 174.523000000001048 ], [ 115.840561327799136, 39.822917302461626, 174.523000000001048 ], [ 115.840363795197916, 39.82292730177771, 174.523000000001048 ], [ 115.840372133643669, 39.82302524943767, 174.523000000001048 ] ] ] ] } },
{ "type": "Feature", "properties": { "OBJECTID": 84, "编码": "HMC-1-038", "OBJECTID_1": 38, "序号": "37", "村": "红煤厂", "编号": "HMC-1-038", "组别": "一组", "宅基地坐落": "北京市房山区佛子庄乡红煤厂村二区8号", "产权人": "朱树金", "联系电话": "13716008986", "建成节点1982": "前", "新老宅": "老", "建成节点2021": "后", "宅基地面积": 283.78, "建筑面积": 319.76, "认定人口": 2, "是否确权": "是", "是否交房": "是", "是否签约": "是", "是否组卷": "", "是否过审": "", "是否拆房": "", "合同金额_（元）": null, "已支付金额_（元）": null, "本次支付": null, "层数": 2, "进度状态": 3, "Shape_Length": 68.539186506202867, "Shape_Area": 283.77635335799488 }, "geometry": { "type": "MultiPolygon", "coordinates": [ [ [ [ 115.844750265942835, 39.822997146401498, 187.453699999998207 ], [ 115.844739015575058, 39.822844789145648, 187.453699999998207 ], [ 115.844722413585501, 39.822852402423855, 187.453699999998207 ], [ 115.844699989654345, 39.822855244808004, 187.453699999998207 ], [ 115.844597221021246, 39.822858571307634, 187.453699999998207 ], [ 115.844534364921913, 39.822860501225499, 187.453699999998207 ], [ 115.844536286394444, 39.822887476645846, 187.453699999998207 ], [ 115.844545048514831, 39.823006155887022, 187.453699999998207 ], [ 115.844750265942835, 39.822997146401498, 187.453699999998207 ] ] ] ] } },
{ "type": "Feature", "properties": { "OBJECTID": 85, "编码": "HMC-1-039", "OBJECTID_1": 39, "序号": "38", "村": "红煤厂", "编号": "HMC-1-039", "组别": "一组", "宅基地坐落": "北京市房山区佛子庄乡红煤厂村二区8号内1号", "产权人": "朱仕钰", "联系电话": "18911522224", "建成节点1982": "后", "新老宅": "新", "建成节点2021": "前", "宅基地面积": 201.32, "建筑面积": 163.1, "认定人口": 1, "是否确权": "是", "是否交房": "是", "是否签约": "是", "是否组卷": "是", "是否过审": "", "是否拆房": "", "合同金额_（元）": null, "已支付金额_（元）": null, "本次支付": null, "层数": 1, "进度状态": 4, "Shape_Length": 60.56652948225431, "Shape_Area": 201.31573771339134 }, "geometry": { "type": "MultiPolygon", "coordinates": [ [ [ [ 115.844563759220236, 39.822824341628177, 183.102100000003702 ], [ 115.844720884361607, 39.822852003533718, 183.102100000003702 ], [ 115.84472569403782, 39.822835761120579, 183.102100000003702 ], [ 115.844744623870938, 39.822839093671654, 183.102100000003702 ], [ 115.844762238495775, 39.82283371228921, 183.102100000003702 ], [ 115.844765051205798, 39.822824216302998, 183.102100000003702 ], [ 115.84477871376734, 39.822826621000253, 183.102100000003702 ], [ 115.844792361603282, 39.822780529276237, 183.102100000003702 ], [ 115.844744540374307, 39.822772110560464, 183.102100000003702 ], [ 115.844753639729703, 39.822741382154646, 183.102100000003702 ], [ 115.844596513657265, 39.82271372028476, 183.102100000003702 ], [ 115.844563759220236, 39.822824341628177, 183.102100000003702 ] ] ] ] } },
{ "type": "Feature", "properties": { "OBJECTID": 86, "编码": "HMC-1-040", "OBJECTID_1": 40, "序号": "39", "村": "红煤厂", "编号": "HMC-1-040", "组别": "一组", "宅基地坐落": "北京市房山区佛子庄乡红煤厂村西仓10号内1号", "产权人": "陈彦光", "联系电话": "13901253786", "建成节点1982": "前", "新老宅": "老", "建成节点2021": "前", "宅基地面积": 136.33, "建筑面积": 136.33, "认定人口": 2, "是否确权": "是", "是否交房": "是", "是否签约": "是", "是否组卷": "", "是否过审": "", "是否拆房": "", "合同金额_（元）": null, "已支付金额_（元）": null, "本次支付": null, "层数": 1, "进度状态": 3, "Shape_Length": 46.800124350699257, "Shape_Area": 136.32822287438353 }, "geometry": { "type": "MultiPolygon", "coordinates": [ [ [ [ 115.840723139187062, 39.822954105607977, 186.30449999999837 ], [ 115.840850467768647, 39.822944921778515, 186.30449999999837 ], [ 115.840836925110807, 39.822833291357043, 186.30449999999837 ], [ 115.84070959671908, 39.822842476075209, 186.30449999999837 ], [ 115.840723139187062, 39.822954105607977, 186.30449999999837 ] ] ] ] } },
{ "type": "Feature", "properties": { "OBJECTID": 87, "编码": "HMC-1-041", "OBJECTID_1": 41, "序号": "40", "村": "红煤厂", "编号": "HMC-1-041", "组别": "二组", "宅基地坐落": "北京市房山区佛子庄乡红煤厂村西仓甲3号", "产权人": "武庆兴", "联系电话": "13701087888", "建成节点1982": "后", "新老宅": "新", "建成节点2021": "前", "宅基地面积": 265.9, "建筑面积": 270.0, "认定人口": 2, "是否确权": "是", "是否交房": "是", "是否签约": "是", "是否组卷": "", "是否过审": "", "是否拆房": "是", "合同金额_（元）": null, "已支付金额_（元）": null, "本次支付": null, "层数": 2, "进度状态": 3, "Shape_Length": 66.539585560808931, "Shape_Area": 265.89609555587356 }, "geometry": { "type": "MultiPolygon", "coordinates": [ [ [ [ 115.837205227626967, 39.821796899385582, 214.691099999996368 ], [ 115.837153777022465, 39.821667776916165, 214.691099999996368 ], [ 115.836996369600811, 39.82170506953404, 214.691099999996368 ], [ 115.836957608902637, 39.821715074041862, 214.691099999996368 ], [ 115.836991604318428, 39.821804752143294, 214.691099999996368 ], [ 115.837039788889413, 39.821816323536851, 214.691099999996368 ], [ 115.837218486167941, 39.821830172165647, 214.691099999996368 ], [ 115.837205227626967, 39.821796899385582, 214.691099999996368 ] ] ] ] } },
{ "type": "Feature", "properties": { "OBJECTID": 88, "编码": "HMC-1-042", "OBJECTID_1": 42, "序号": "41", "村": "红煤厂", "编号": "HMC-1-042", "组别": "二组", "宅基地坐落": "北京市房山区佛子庄乡红煤厂村西仓2号内1号", "产权人": "武庆亮", "联系电话": "13401180143", "建成节点1982": "前", "新老宅": "老", "建成节点2021": "前", "宅基地面积": 497.77, "建筑面积": 468.8, "认定人口": 1, "是否确权": "是", "是否交房": "是", "是否签约": "是", "是否组卷": "是", "是否过审": "", "是否拆房": "是", "合同金额_（元）": null, "已支付金额_（元）": null, "本次支付": null, "层数": 1, "进度状态": 4, "Shape_Length": 90.183322375556642, "Shape_Area": 497.76697998589418 }, "geometry": { "type": "MultiPolygon", "coordinates": [ [ [ [ 115.837383389694949, 39.821803002519843, 215.918399999995017 ], [ 115.837390512846738, 39.821819651504704, 215.918399999995017 ], [ 115.837453735878682, 39.821808031321467, 215.918399999995017 ], [ 115.837567605571778, 39.821788233069988, 215.918399999995017 ], [ 115.837625510125974, 39.821782404486321, 215.918399999995017 ], [ 115.837617334066977, 39.821746240369968, 215.918399999995017 ], [ 115.837573166905912, 39.821638005147427, 215.918399999995017 ], [ 115.837579850495345, 39.821636382564186, 215.918399999995017 ], [ 115.837551457130871, 39.821566803025704, 215.918399999995017 ], [ 115.837310828573493, 39.821625186708367, 215.918399999995017 ], [ 115.837383389694949, 39.821803002519843, 215.918399999995017 ] ] ] ] } },
{ "type": "Feature", "properties": { "OBJECTID": 89, "编码": "HMC-1-043", "OBJECTID_1": 43, "序号": "42", "村": "红煤厂", "编号": "HMC-1-043", "组别": "二组", "宅基地坐落": "北京市房山区佛子庄乡红煤厂村一区6号", "产权人": "陈国芝", "联系电话": "13683595442\n15901065781", "建成节点1982": "前", "新老宅": "老", "建成节点2021": "前", "宅基地面积": 95.8, "建筑面积": 45.81, "认定人口": null, "是否确权": "是", "是否交房": "是", "是否签约": "是", "是否组卷": "是", "是否过审": "", "是否拆房": "", "合同金额_（元）": null, "已支付金额_（元）": null, "本次支付": null, "层数": 1, "进度状态": 4, "Shape_Length": 40.250841376201905, "Shape_Area": 95.799212698495339 }, "geometry": { "type": "MultiPolygon", "coordinates": [ [ [ [ 115.837748687489665, 39.821733687836748, 0.0 ], [ 115.837765304739264, 39.821690052953791, 0.0 ], [ 115.837721658451926, 39.821680169147818, 0.0 ], [ 115.83763556002144, 39.821668415406229, 0.0 ], [ 115.837643915160044, 39.82170996338489, 0.0 ], [ 115.837627791534999, 39.821752301808644, 0.0 ], [ 115.837732563922685, 39.821776026275721, 0.0 ], [ 115.837748687489665, 39.821733687836748, 0.0 ] ] ] ] } },
{ "type": "Feature", "properties": { "OBJECTID": 90, "编码": "HMC-1-045", "OBJECTID_1": 44, "序号": "43", "村": "红煤厂", "编号": "HMC-1-045", "组别": "四组", "宅基地坐落": "北京市房山区佛子庄乡红煤厂村教军场3号", "产权人": "陈小娇", "联系电话": "13810120740", "建成节点1982": "前", "新老宅": "老", "建成节点2021": "前", "宅基地面积": 170.36, "建筑面积": 67.5, "认定人口": 3, "是否确权": "是", "是否交房": "是", "是否签约": "是", "是否组卷": "", "是否过审": "", "是否拆房": "", "合同金额_（元）": null, "已支付金额_（元）": null, "本次支付": null, "层数": 1, "进度状态": 3, "Shape_Length": 54.24252012681594, "Shape_Area": 170.36317477203195 }, "geometry": { "type": "MultiPolygon", "coordinates": [ [ [ [ 115.831058883929032, 39.838207698300046, 0.0 ], [ 115.831107972684222, 39.838183298269037, 0.0 ], [ 115.831121898595555, 39.838199948597591, 0.0 ], [ 115.831130712075449, 39.83819449234408, 0.0 ], [ 115.831181001858369, 39.838156856394605, 0.0 ], [ 115.831159169417759, 39.838136888708455, 0.0 ], [ 115.831160975590322, 39.838135713598092, 0.0 ], [ 115.831093641298267, 39.838047732565073, 0.0 ], [ 115.831065431427135, 39.838060976376816, 0.0 ], [ 115.831022515434498, 39.838081123768283, 0.0 ], [ 115.830973426738836, 39.838105522863707, 0.0 ], [ 115.831036095481238, 39.838180451224403, 0.0 ], [ 115.831058883929032, 39.838207698300046, 0.0 ] ] ] ] } },
{ "type": "Feature", "properties": { "OBJECTID": 91, "编码": "HMC-1-046", "OBJECTID_1": 45, "序号": "44", "村": "红煤厂", "编号": "HMC-1-046", "组别": "三组", "宅基地坐落": "北京市房山区佛子庄乡红煤厂村大厂5号甲1号", "产权人": "姜涛", "联系电话": "18801036939", "建成节点1982": "后", "新老宅": "新", "建成节点2021": "前", "宅基地面积": 78.72, "建筑面积": 38.7, "认定人口": 1, "是否确权": "是", "是否交房": "是", "是否签约": "是", "是否组卷": "是", "是否过审": "是", "是否拆房": "", "合同金额_（元）": 2200972.0, "已支付金额_（元）": 0, "本次支付": 450972.0, "层数": 1, "进度状态": 5, "Shape_Length": 40.399860263448531, "Shape_Area": 78.719585334076825 }, "geometry": { "type": "MultiPolygon", "coordinates": [ [ [ [ 115.839376014337702, 39.832009214779902, 0.0 ], [ 115.839400691529036, 39.832030858423877, 0.0 ], [ 115.839438414793065, 39.832005293686855, 0.0 ], [ 115.83936901090479, 39.831944419490696, 0.0 ], [ 115.839270754297331, 39.832011008444042, 0.0 ], [ 115.839315480991786, 39.83205023814093, 0.0 ], [ 115.839376014337702, 39.832009214779902, 0.0 ] ] ] ] } },
{ "type": "Feature", "properties": { "OBJECTID": 92, "编码": "HMC-1-047", "OBJECTID_1": 46, "序号": "45", "村": "红煤厂", "编号": "HMC-1-047", "组别": "三组", "宅基地坐落": "北京市房山区佛子庄乡红煤厂村大厂5号", "产权人": "姜猛", "联系电话": "13651375986", "建成节点1982": "后", "新老宅": "新", "建成节点2021": "前", "宅基地面积": 98.24, "建筑面积": 75.92, "认定人口": 1, "是否确权": "是", "是否交房": "是", "是否签约": "是", "是否组卷": "是", "是否过审": "", "是否拆房": "", "合同金额_（元）": null, "已支付金额_（元）": null, "本次支付": null, "层数": 1, "进度状态": 4, "Shape_Length": 39.099970237439514, "Shape_Area": 87.025375870943975 }, "geometry": { "type": "MultiPolygon", "coordinates": [ [ [ [ 115.839309456590868, 39.832172254084846, 0.0 ], [ 115.839370443155303, 39.832130267104318, 0.0 ], [ 115.839281363079294, 39.832053356922302, 0.0 ], [ 115.839210791798905, 39.832101942200993, 0.0 ], [ 115.839259417023328, 39.832143923574023, 0.0 ], [ 115.839269000573623, 39.832137326114591, 0.0 ], [ 115.839309456590868, 39.832172254084846, 0.0 ] ] ] ] } },
{ "type": "Feature", "properties": { "OBJECTID": 93, "编码": "HMC-1-049", "OBJECTID_1": 47, "序号": "46", "村": "红煤厂", "编号": "HMC-1-049", "组别": "一组", "宅基地坐落": "北京市房山区佛子庄乡红煤厂村西仓9号内2号", "产权人": "朱仕忠", "联系电话": "13810602765", "建成节点1982": "前", "新老宅": "老", "建成节点2021": "前", "宅基地面积": 218.51, "建筑面积": 125.55, "认定人口": 1, "是否确权": "是", "是否交房": "是", "是否签约": "是", "是否组卷": "", "是否过审": "", "是否拆房": "", "合同金额_（元）": null, "已支付金额_（元）": null, "本次支付": null, "层数": 1, "进度状态": 3, "Shape_Length": 63.218332724237065, "Shape_Area": 218.52139998447984 }, "geometry": { "type": "MultiPolygon", "coordinates": [ [ [ [ 115.836502273089906, 39.821851331008816, 0.0 ], [ 115.836640714572127, 39.821758628638747, 0.0 ], [ 115.836607787422665, 39.821729390539055, 0.0 ], [ 115.836595902245847, 39.821737349858005, 0.0 ], [ 115.836580989859357, 39.821724108987773, 0.0 ], [ 115.836541072615475, 39.821687867843615, 0.0 ], [ 115.836514793869171, 39.821705078007525, 0.0 ], [ 115.836493842345121, 39.821686204461386, 0.0 ], [ 115.836376940527032, 39.821758758025432, 0.0 ], [ 115.836451330864151, 39.821823565715569, 0.0 ], [ 115.836462454204792, 39.821815973426261, 0.0 ], [ 115.836502273089906, 39.821851331008816, 0.0 ] ] ] ] } },
{ "type": "Feature", "properties": { "OBJECTID": 94, "编码": "HMC-1-050", "OBJECTID_1": 48, "序号": "47", "村": "红煤厂", "编号": "HMC-1-050", "组别": "四组", "宅基地坐落": "北京市房山区佛子庄乡红煤厂村二区14号内3号", "产权人": "朱鹏飞", "联系电话": "15011275235", "建成节点1982": "后", "新老宅": "新", "建成节点2021": "后", "宅基地面积": 259.38, "建筑面积": 212.65, "认定人口": 4, "是否确权": "是", "是否交房": "是", "是否签约": "是", "是否组卷": "", "是否过审": "", "是否拆房": "", "合同金额_（元）": null, "已支付金额_（元）": null, "本次支付": null, "层数": 2, "进度状态": 3, "Shape_Length": 75.079789079600289, "Shape_Area": 259.3833514579938 }, "geometry": { "type": "MultiPolygon", "coordinates": [ [ [ [ 115.84220603233814, 39.822859040364051, 188.074699999997392 ], [ 115.842308367852326, 39.82283594408414, 188.074699999997392 ], [ 115.842215161998681, 39.822590404454608, 188.074699999997392 ], [ 115.842112826821605, 39.822613500658058, 188.074699999997392 ], [ 115.84220603233814, 39.822859040364051, 188.074699999997392 ] ] ] ] } },
{ "type": "Feature", "properties": { "OBJECTID": 95, "编码": "HMC-1-051", "OBJECTID_1": 49, "序号": "48", "村": "红煤厂", "编号": "HMC-1-051", "组别": "一组", "宅基地坐落": "北京市房山区佛子庄乡红煤厂村二区19号", "产权人": "朱树海", "联系电话": "13701001090", "建成节点1982": "前", "新老宅": "老", "建成节点2021": "前", "宅基地面积": 205.12, "建筑面积": 205.16, "认定人口": null, "是否确权": "是", "是否交房": "是", "是否签约": "是", "是否组卷": "", "是否过审": "", "是否拆房": "", "合同金额_（元）": null, "已支付金额_（元）": null, "本次支付": null, "层数": 2, "进度状态": 3, "Shape_Length": 67.400050128927319, "Shape_Area": 205.12095530167673 }, "geometry": { "type": "MultiPolygon", "coordinates": [ [ [ [ 115.840729165627309, 39.823111117618474, 174.523000000001048 ], [ 115.840710420537803, 39.822890959853268, 174.523000000001048 ], [ 115.840663804990569, 39.822893319245338, 174.523000000001048 ], [ 115.840666788831356, 39.822928364933638, 174.523000000001048 ], [ 115.84060618868827, 39.82293143292793, 174.523000000001048 ], [ 115.840621949626112, 39.823116545015964, 174.523000000001048 ], [ 115.840729165627309, 39.823111117618474, 174.523000000001048 ] ] ] ] } },
{ "type": "Feature", "properties": { "OBJECTID": 96, "编码": "HMC-1-053", "OBJECTID_1": 50, "序号": "49", "村": "红煤厂", "编号": "HMC-1-053", "组别": "二组", "宅基地坐落": "北京市房山区佛子庄乡红煤厂村二区35号", "产权人": "朱保国", "联系电话": "15510771663", "建成节点1982": "后", "新老宅": "新", "建成节点2021": "前", "宅基地面积": 177.87, "建筑面积": 69.96, "认定人口": 3, "是否确权": "是", "是否交房": "是", "是否签约": "是", "是否组卷": "", "是否过审": "", "是否拆房": "", "合同金额_（元）": null, "已支付金额_（元）": null, "本次支付": null, "层数": 1, "进度状态": 3, "Shape_Length": 54.34087950223406, "Shape_Area": 177.87489696214362 }, "geometry": { "type": "MultiPolygon", "coordinates": [ [ [ [ 115.840939088659539, 39.823681090915919, 184.169999999998254 ], [ 115.841067444918139, 39.823676930839937, 184.169999999998254 ], [ 115.841059511844819, 39.823531438475861, 184.169999999998254 ], [ 115.840931155856936, 39.823535598547082, 184.169999999998254 ], [ 115.840939088659539, 39.823681090915919, 184.169999999998254 ] ] ] ] } },
{ "type": "Feature", "properties": { "OBJECTID": 97, "编码": "HMC-1-056", "OBJECTID_1": 51, "序号": "50", "村": "红煤厂", "编号": "HMC-1-056", "组别": "四组", "宅基地坐落": "北京市房山区佛子庄乡红煤厂村二区61号内1号", "产权人": "王宏亮", "联系电话": "", "建成节点1982": "后", "新老宅": "新", "建成节点2021": "前", "宅基地面积": 92.56, "建筑面积": 60.46, "认定人口": 3, "是否确权": "是", "是否交房": "是", "是否签约": "是", "是否组卷": "是", "是否过审": "", "是否拆房": "", "合同金额_（元）": null, "已支付金额_（元）": null, "本次支付": null, "层数": 1, "进度状态": 4, "Shape_Length": 38.699881164178024, "Shape_Area": 92.554450513169982 }, "geometry": { "type": "MultiPolygon", "coordinates": [ [ [ [ 115.841610578835642, 39.825551178446041, 182.986900000003516 ], [ 115.841619562940679, 39.825473591131903, 182.986900000003516 ], [ 115.841495089463891, 39.825465022578697, 182.986900000003516 ], [ 115.841486105205263, 39.825542610781746, 182.986900000003516 ], [ 115.841610578835642, 39.825551178446041, 182.986900000003516 ] ] ] ] } },
{ "type": "Feature", "properties": { "OBJECTID": 98, "编码": "HMC-1-057", "OBJECTID_1": 52, "序号": "51", "村": "红煤厂", "编号": "HMC-1-057", "组别": "四组", "宅基地坐落": "北京市房山区佛子庄乡红煤厂村二区61号", "产权人": "王宏明", "联系电话": "13810147509", "建成节点1982": "后", "新老宅": "新", "建成节点2021": "前", "宅基地面积": 64.74, "建筑面积": 28.44, "认定人口": 3, "是否确权": "是", "是否交房": "是", "是否签约": "是", "是否组卷": "是", "是否过审": "", "是否拆房": "", "合同金额_（元）": null, "已支付金额_（元）": null, "本次支付": null, "层数": 1, "进度状态": 4, "Shape_Length": 33.499934039101014, "Shape_Area": 64.734825165977242 }, "geometry": { "type": "MultiPolygon", "coordinates": [ [ [ [ 115.841495089463891, 39.825465022578697, 182.986900000003516 ], [ 115.841619562940679, 39.825473591131903, 182.986900000003516 ], [ 115.841625846150421, 39.825419324354669, 182.986900000003516 ], [ 115.84150137277048, 39.825410755809514, 182.986900000003516 ], [ 115.841495089463891, 39.825465022578697, 182.986900000003516 ] ] ] ] } },
{ "type": "Feature", "properties": { "OBJECTID": 99, "编码": "HMC-1-058", "OBJECTID_1": 53, "序号": "52", "村": "红煤厂", "编号": "HMC-1-058", "组别": "四组", "宅基地坐落": "北京市房山区佛子庄乡红煤厂村西仓9号内2号南侧", "产权人": "朱瑞芳", "联系电话": "", "建成节点1982": "后", "新老宅": "新", "建成节点2021": "前", "宅基地面积": 78.07, "建筑面积": 42.4, "认定人口": 1, "是否确权": "是", "是否交房": "是", "是否签约": "是", "是否组卷": "", "是否过审": "", "是否拆房": "", "合同金额_（元）": null, "已支付金额_（元）": null, "本次支付": null, "层数": 1, "进度状态": 3, "Shape_Length": 35.043066226291835, "Shape_Area": 78.067753396370648 }, "geometry": { "type": "MultiPolygon", "coordinates": [ [ [ [ 115.836322660244235, 39.821647711852016, 192.436000000001513 ], [ 115.836358648799006, 39.821687939408925, 192.436000000001513 ], [ 115.836384742101515, 39.821717104531814, 192.436000000001513 ], [ 115.836466297669759, 39.821672315428813, 192.436000000001513 ], [ 115.836409144863424, 39.821614400119628, 192.436000000001513 ], [ 115.836394001187841, 39.821607880888827, 192.436000000001513 ], [ 115.836322660244235, 39.821647711852016, 192.436000000001513 ] ] ] ] } },
{ "type": "Feature", "properties": { "OBJECTID": 100, "编码": "HMC-1-059", "OBJECTID_1": 54, "序号": "53", "村": "红煤厂", "编号": "HMC-1-059", "组别": "二组", "宅基地坐落": "北京市房山区佛子庄乡红煤厂村一区13号", "产权人": "陈正军", "联系电话": "", "建成节点1982": "后", "新老宅": "新", "建成节点2021": "前", "宅基地面积": 117.29, "建筑面积": 86.91, "认定人口": 3, "是否确权": "是", "是否交房": "是", "是否签约": "是", "是否组卷": "是", "是否过审": "", "是否拆房": "", "合同金额_（元）": null, "已支付金额_（元）": null, "本次支付": null, "层数": 1, "进度状态": 4, "Shape_Length": 44.900069928619601, "Shape_Area": 117.28544701362202 }, "geometry": { "type": "MultiPolygon", "coordinates": [ [ [ [ 115.843648719465449, 39.82114305404604, 0.0 ], [ 115.843659699422403, 39.821243107366001, 0.0 ], [ 115.843719048880516, 39.821239234563294, 0.0 ], [ 115.843720033733973, 39.821248207293316, 0.0 ], [ 115.84374272517428, 39.82124672678902, 0.0 ], [ 115.843743021092337, 39.821249418972826, 0.0 ], [ 115.843777349979916, 39.821247179050339, 0.0 ], [ 115.843775528248116, 39.821230577881956, 0.0 ], [ 115.8437681915794, 39.821163726907841, 0.0 ], [ 115.843765090242357, 39.821135460837112, 0.0 ], [ 115.843648719465449, 39.82114305404604, 0.0 ] ] ] ] } },
{ "type": "Feature", "properties": { "OBJECTID": 101, "编码": "HMC-1-060", "OBJECTID_1": 55, "序号": "54", "村": "红煤厂", "编号": "HMC-1-060", "组别": "二组", "宅基地坐落": "北京市房山区佛子庄乡红煤厂村二区35号东侧", "产权人": "朱琳", "联系电话": "", "建成节点1982": "后", "新老宅": "新", "建成节点2021": "前", "宅基地面积": 64.05, "建筑面积": 44.16, "认定人口": 2, "是否确权": "是", "是否交房": "是", "是否签约": "是", "是否组卷": "", "是否过审": "", "是否拆房": "", "合同金额_（元）": null, "已支付金额_（元）": null, "本次支付": null, "层数": 1, "进度状态": 3, "Shape_Length": 33.941066913036018, "Shape_Area": 64.054163357727589 }, "geometry": { "type": "MultiPolygon", "coordinates": [ [ [ [ 115.841066119780749, 39.823652637953224, 184.169999999998254 ], [ 115.841088290019187, 39.823651919188286, 184.169999999998254 ], [ 115.841088076666864, 39.82364800298916, 184.169999999998254 ], [ 115.841141753381322, 39.82364626333932, 184.169999999998254 ], [ 115.841137043391683, 39.823559887948321, 184.169999999998254 ], [ 115.841083367912248, 39.823561627608633, 184.169999999998254 ], [ 115.841083154560351, 39.82355771140945, 184.169999999998254 ], [ 115.841060983184406, 39.823558430162194, 184.169999999998254 ], [ 115.841065187636019, 39.823635542195227, 184.169999999998254 ], [ 115.841066119780749, 39.823652637953224, 184.169999999998254 ] ] ] ] } },
{ "type": "Feature", "properties": { "OBJECTID": 102, "编码": "HMC-1-061", "OBJECTID_1": 56, "序号": "55", "村": "红煤厂", "编号": "HMC-1-061", "组别": "二组", "宅基地坐落": "北京市房山区佛子庄乡红煤厂村一区17号北侧", "产权人": "姜彤", "联系电话": "", "建成节点1982": "后", "新老宅": "新", "建成节点2021": "前", "宅基地面积": 58.61, "建筑面积": 37.74, "认定人口": 1, "是否确权": "是", "是否交房": "是", "是否签约": "是", "是否组卷": "", "是否过审": "", "是否拆房": "", "合同金额_（元）": null, "已支付金额_（元）": null, "本次支付": null, "层数": 1, "进度状态": 3, "Shape_Length": 30.639967943294547, "Shape_Area": 58.607867196276111 }, "geometry": { "type": "MultiPolygon", "coordinates": [ [ [ [ 115.843110860015017, 39.821178856088196, 0.0 ], [ 115.843197006697494, 39.821173545910916, 0.0 ], [ 115.843192260514442, 39.821127764487812, 0.0 ], [ 115.843189635498746, 39.821102449962325, 0.0 ], [ 115.84310348890476, 39.821107760135448, 0.0 ], [ 115.843106113888936, 39.821133074662391, 0.0 ], [ 115.843110860015017, 39.821178856088196, 0.0 ] ] ] ] } },
{ "type": "Feature", "properties": { "OBJECTID": 103, "编码": "HMC-1-062", "OBJECTID_1": 57, "序号": "56", "村": "红煤厂", "编号": "HMC-1-062", "组别": "二组", "宅基地坐落": "北京市房山区佛子庄乡红煤厂村西仓甲3号东侧", "产权人": "武钰梁", "联系电话": "", "建成节点1982": "后", "新老宅": "新", "建成节点2021": "前", "宅基地面积": 294.19, "建筑面积": 52.82, "认定人口": 1, "是否确权": "是", "是否交房": "是", "是否签约": "是", "是否组卷": "是", "是否过审": "", "是否拆房": "", "合同金额_（元）": null, "已支付金额_（元）": null, "本次支付": null, "层数": 1, "进度状态": 4, "Shape_Length": 70.164048859690865, "Shape_Area": 294.18745232336266 }, "geometry": { "type": "MultiPolygon", "coordinates": [ [ [ [ 115.837367035252896, 39.821764920975305, 214.691099999996368 ], [ 115.837320553865496, 39.821647313192955, 214.691099999996368 ], [ 115.837312088064095, 39.821627656205941, 214.691099999996368 ], [ 115.83728881279356, 39.821633616458051, 214.691099999996368 ], [ 115.837153777022465, 39.821667776916165, 214.691099999996368 ], [ 115.837210333300717, 39.821795623955637, 214.691099999996368 ], [ 115.837224906685847, 39.821828567680399, 214.691099999996368 ], [ 115.837243117553001, 39.821829545446491, 214.691099999996368 ], [ 115.837322376366245, 39.821828833081966, 214.691099999996368 ], [ 115.837392273562827, 39.82182197292002, 214.691099999996368 ], [ 115.837380608469331, 39.821795604924041, 214.691099999996368 ], [ 115.837367035252896, 39.821764920975305, 214.691099999996368 ] ] ] ] } },
{ "type": "Feature", "properties": { "OBJECTID": 104, "编码": "HMC-1-063", "OBJECTID_1": 58, "序号": "57", "村": "红煤厂", "编号": "HMC-1-063", "组别": "二组", "宅基地坐落": "北京市房山区佛子庄乡红煤厂村一区22号北侧", "产权人": "陈天文", "联系电话": "", "建成节点1982": "后", "新老宅": "新", "建成节点2021": "前", "宅基地面积": 84.19, "建筑面积": 36.09, "认定人口": 1, "是否确权": "是", "是否交房": "是", "是否签约": "是", "是否组卷": "", "是否过审": "", "是否拆房": "", "合同金额_（元）": null, "已支付金额_（元）": null, "本次支付": null, "层数": 1, "进度状态": 3, "Shape_Length": 40.200024617745306, "Shape_Area": 84.192469108125749 }, "geometry": { "type": "MultiPolygon", "coordinates": [ [ [ [ 115.841937023473818, 39.820822340751548, -133.907900000005611 ], [ 115.841924837914149, 39.820875092377712, -133.907900000005611 ], [ 115.842087529159471, 39.820897438531858, -133.907900000005611 ], [ 115.842099714599499, 39.820844686887064, -133.907900000005611 ], [ 115.841937023473818, 39.820822340751548, -133.907900000005611 ] ] ] ] } },
{ "type": "Feature", "properties": { "OBJECTID": 105, "编码": "HMC-1-064", "OBJECTID_1": 59, "序号": "58", "村": "红煤厂", "编号": "HMC-1-064", "组别": "二组", "宅基地坐落": "北京市房山区佛子庄乡红煤厂村一区22内4号", "产权人": "栾娜", "联系电话": "", "建成节点1982": "后", "新老宅": "新", "建成节点2021": "前", "宅基地面积": 74.12, "建筑面积": 65.0, "认定人口": 2, "是否确权": "是", "是否交房": "是", "是否签约": "是", "是否组卷": "是", "是否过审": "", "是否拆房": "", "合同金额_（元）": null, "已支付金额_（元）": null, "本次支付": null, "层数": 1, "进度状态": 4, "Shape_Length": 36.499983158068709, "Shape_Area": 74.114971595529852 }, "geometry": { "type": "MultiPolygon", "coordinates": [ [ [ [ 115.841797254162401, 39.820743960050066, 0.0 ], [ 115.841937073293508, 39.820762603500484, 0.0 ], [ 115.841949211870102, 39.820708474363592, 0.0 ], [ 115.841809392859844, 39.820689830028705, 0.0 ], [ 115.841797254162401, 39.820743960050066, 0.0 ] ] ] ] } },
{ "type": "Feature", "properties": { "OBJECTID": 106, "编码": "HMC-2-001", "OBJECTID_1": 60, "序号": "59", "村": "红煤厂", "编号": "HMC-2-001", "组别": "一组", "宅基地坐落": "北京市房山区佛子庄乡红煤厂村二区2号内1号", "产权人": "陈广德", "联系电话": "13716736137", "建成节点1982": "后", "新老宅": "新", "建成节点2021": "后", "宅基地面积": 161.29, "建筑面积": 161.29, "认定人口": 6, "是否确权": "是", "是否交房": "是", "是否签约": "是", "是否组卷": "", "是否过审": "", "是否拆房": "", "合同金额_（元）": null, "已支付金额_（元）": null, "本次支付": null, "层数": 1, "进度状态": 3, "Shape_Length": 51.360137656424861, "Shape_Area": 161.29449657651512 }, "geometry": { "type": "MultiPolygon", "coordinates": [ [ [ [ 115.846022826985049, 39.822969860430256, 189.542199999996228 ], [ 115.846150495080778, 39.822975602737671, 189.542199999996228 ], [ 115.846160512467591, 39.822843177883094, 189.542199999996228 ], [ 115.846032844600543, 39.822837436490531, 189.542199999996228 ], [ 115.846022826985049, 39.822969860430256, 189.542199999996228 ] ] ] ] } },
{ "type": "Feature", "properties": { "OBJECTID": 107, "编码": "HMC-2-002", "OBJECTID_1": 61, "序号": "60", "村": "红煤厂", "编号": "HMC-2-002", "组别": "一组", "宅基地坐落": "北京市房山区佛子庄乡红煤厂村二区3号西侧", "产权人": "姜永坤", "联系电话": "15801390892", "建成节点1982": "后", "新老宅": "新", "建成节点2021": "前", "宅基地面积": 130.76, "建筑面积": 101.73, "认定人口": 3, "是否确权": "是", "是否交房": "是", "是否签约": "是", "是否组卷": "", "是否过审": "", "是否拆房": "", "合同金额_（元）": null, "已支付金额_（元）": null, "本次支付": null, "层数": 1, "进度状态": 3, "Shape_Length": 45.739903705784002, "Shape_Area": 130.75745097548571 }, "geometry": { "type": "MultiPolygon", "coordinates": [ [ [ [ 115.845603346064053, 39.822932490412931, 188.584199999997509 ], [ 115.845736434712691, 39.822929646621091, 188.584199999997509 ], [ 115.845732724391056, 39.822826394810477, 188.584199999997509 ], [ 115.845599635941696, 39.822829238600967, 188.584199999997509 ], [ 115.845603346064053, 39.822932490412931, 188.584199999997509 ] ] ] ] } },
{ "type": "Feature", "properties": { "OBJECTID": 108, "编码": "HMC-2-003", "OBJECTID_1": 62, "序号": "61", "村": "红煤厂", "编号": "HMC-2-003", "组别": "一组", "宅基地坐落": "北京市房山区佛子庄乡红煤厂村二区11号", "产权人": "姜永壮", "联系电话": "13716276518", "建成节点1982": "前", "新老宅": "老", "建成节点2021": "前", "宅基地面积": 278.71, "建筑面积": 147.47, "认定人口": 3, "是否确权": "是", "是否交房": "是", "是否签约": "是", "是否组卷": "", "是否过审": "", "是否拆房": "", "合同金额_（元）": null, "已支付金额_（元）": null, "本次支付": null, "层数": 1, "进度状态": 3, "Shape_Length": 70.900140470675552, "Shape_Area": 278.71077421143275 }, "geometry": { "type": "MultiPolygon", "coordinates": [ [ [ [ 115.845604019931997, 39.822951197472022, 188.584199999997509 ], [ 115.845599638292356, 39.822829237723738, 188.584199999997509 ], [ 115.845362646989628, 39.82283430120453, 188.584199999997509 ], [ 115.845364603906717, 39.822888762810685, 188.584199999997509 ], [ 115.845366915991164, 39.822953126601959, 188.584199999997509 ], [ 115.845367547195778, 39.822970680451292, 188.584199999997509 ], [ 115.845394398393736, 39.822970106517772, 188.584199999997509 ], [ 115.845393879417486, 39.822955686121723, 188.584199999997509 ], [ 115.845604019931997, 39.822951197472022, 188.584199999997509 ] ] ] ] } },
{ "type": "Feature", "properties": { "OBJECTID": 109, "编码": "HMC-2-004", "OBJECTID_1": 63, "序号": "62", "村": "红煤厂", "编号": "HMC-2-004", "组别": "一组", "宅基地坐落": "北京市房山区佛子庄乡红煤厂村二区11号西侧", "产权人": "姜永地", "联系电话": "13436910521", "建成节点1982": "后", "新老宅": "新", "建成节点2021": "前", "宅基地面积": 224.46, "建筑面积": 78.09, "认定人口": 2, "是否确权": "是", "是否交房": "是", "是否签约": "是", "是否组卷": "", "是否过审": "", "是否拆房": "", "合同金额_（元）": null, "已支付金额_（元）": null, "本次支付": null, "层数": 1, "进度状态": 3, "Shape_Length": 61.29992769006769, "Shape_Area": 224.45439659330378 }, "geometry": { "type": "MultiPolygon", "coordinates": [ [ [ [ 115.845151081695761, 39.822977974165696, 188.584199999997509 ], [ 115.845367642699003, 39.822973348120463, 188.584199999997509 ], [ 115.845363728860548, 39.822864424909163, 188.584199999997509 ], [ 115.845147168199404, 39.822869050952093, 188.584199999997509 ], [ 115.845151081695761, 39.822977974165696, 188.584199999997509 ] ] ] ] } },
{ "type": "Feature", "properties": { "OBJECTID": 110, "编码": "HMC-2-005", "OBJECTID_1": 64, "序号": "63", "村": "红煤厂", "编号": "HMC-2-005", "组别": "四组", "宅基地坐落": "北京市房山区佛子庄乡红煤厂村二区16号", "产权人": "朱建军", "联系电话": "13693126030", "建成节点1982": "后", "新老宅": "", "建成节点2021": "前", "宅基地面积": 169.62, "建筑面积": 88.44, "认定人口": 5, "是否确权": "是", "是否交房": "是", "是否签约": "是", "是否组卷": "", "是否过审": "", "是否拆房": "", "合同金额_（元）": null, "已支付金额_（元）": null, "本次支付": null, "层数": 1, "进度状态": 3, "Shape_Length": 52.100067440314312, "Shape_Area": 169.62044902287892 }, "geometry": { "type": "MultiPolygon", "coordinates": [ [ [ [ 115.84203163829909, 39.822630522462383, 183.951100000005681 ], [ 115.842179591450872, 39.822597130086244, 183.951100000005681 ], [ 115.842137433243096, 39.822486069791722, 183.951100000005681 ], [ 115.841989480296661, 39.822519463018317, 183.951100000005681 ], [ 115.84203163829909, 39.822630522462383, 183.951100000005681 ] ] ] ] } },
{ "type": "Feature", "properties": { "OBJECTID": 111, "编码": "HMC-2-006", "OBJECTID_1": 65, "序号": "64", "村": "红煤厂", "编号": "HMC-2-006", "组别": "四组", "宅基地坐落": "北京市房山区佛子庄乡红煤厂村二区16号内2号", "产权人": "朱爽", "联系电话": "13693126030", "建成节点1982": "前", "新老宅": "老", "建成节点2021": "后", "宅基地面积": 242.44, "建筑面积": 139.08, "认定人口": 1, "是否确权": "是", "是否交房": "是", "是否签约": "是", "是否组卷": "", "是否过审": "", "是否拆房": "", "合同金额_（元）": null, "已支付金额_（元）": null, "本次支付": null, "层数": 1, "进度状态": 3, "Shape_Length": 65.299773348793707, "Shape_Area": 242.43334331758351 }, "geometry": { "type": "MultiPolygon", "coordinates": [ [ [ [ 115.841967673022225, 39.822609757052916, 183.957399999999325 ], [ 115.841925756295339, 39.822483707471747, 183.957399999999325 ], [ 115.841739094552722, 39.822520613624341, 183.957399999999325 ], [ 115.841771728178401, 39.822618748822087, 183.957399999999325 ], [ 115.841764940668895, 39.822620091418806, 183.957399999999325 ], [ 115.841777413287431, 39.822657600431072, 183.957399999999325 ], [ 115.841798907825961, 39.82265335068, 183.957399999999325 ], [ 115.841795716828628, 39.822643755202108, 183.957399999999325 ], [ 115.841967673022225, 39.822609757052916, 183.957399999999325 ] ] ] ] } },
{ "type": "Feature", "properties": { "OBJECTID": 112, "编码": "HMC-2-007", "OBJECTID_1": 66, "序号": "65", "村": "红煤厂", "编号": "HMC-2-007", "组别": "四组", "宅基地坐落": "北京市房山区佛子庄乡红煤厂村二区62号甲1号", "产权人": "张茂芝", "联系电话": "13716171728", "建成节点1982": "前", "新老宅": "老", "建成节点2021": "前", "宅基地面积": 245.37, "建筑面积": 156.62, "认定人口": 3, "是否确权": "是", "是否交房": "是", "是否签约": "是", "是否组卷": "", "是否过审": "", "是否拆房": "", "合同金额_（元）": null, "已支付金额_（元）": null, "本次支付": null, "层数": 1, "进度状态": 3, "Shape_Length": 66.499871401612268, "Shape_Area": 245.37002638595186 }, "geometry": { "type": "MultiPolygon", "coordinates": [ [ [ [ 115.841709339513741, 39.826104729706586, 22.033100000000559 ], [ 115.841693069169281, 39.825907460777287, 22.033100000000559 ], [ 115.841561357628123, 39.825913918808844, 22.033100000000559 ], [ 115.841574588189985, 39.826074340320083, 22.033100000000559 ], [ 115.841582164507926, 39.826073969269963, 22.033100000000559 ], [ 115.841585203918385, 39.826110816700762, 22.033100000000559 ], [ 115.841709339513741, 39.826104729706586, 22.033100000000559 ] ] ] ] } },
{ "type": "Feature", "properties": { "OBJECTID": 113, "编码": "HMC-2-008", "OBJECTID_1": 67, "序号": "66", "村": "红煤厂", "编号": "HMC-2-008", "组别": "四组", "宅基地坐落": "北京市房山区佛子庄乡红煤厂村二区47内2号", "产权人": "李海荣", "联系电话": "13466610699\n15201243469（之妻）", "建成节点1982": "前", "新老宅": "老", "建成节点2021": "前", "宅基地面积": 301.51, "建筑面积": 318.26, "认定人口": 4, "是否确权": "是", "是否交房": "是", "是否签约": "是", "是否组卷": "是", "是否过审": "", "是否拆房": "", "合同金额_（元）": null, "已支付金额_（元）": null, "本次支付": null, "层数": 2, "进度状态": 4, "Shape_Length": 63.600047338801559, "Shape_Area": 240.02062520024998 }, "geometry": { "type": "MultiPolygon", "coordinates": [ [ [ [ 115.840726184692869, 39.824003224197725, 189.437999999994645 ], [ 115.840830104715693, 39.823949707025797, 189.437999999994645 ], [ 115.840709454749046, 39.823810416627481, 189.437999999994645 ], [ 115.840581254412498, 39.823876437423266, 189.437999999994645 ], [ 115.840687633607544, 39.823999252712689, 189.437999999994645 ], [ 115.840711914067811, 39.823986748961978, 189.437999999994645 ], [ 115.840726184692869, 39.824003224197725, 189.437999999994645 ] ] ] ] } },
{ "type": "Feature", "properties": { "OBJECTID": 114, "编码": "HMC-2-009", "OBJECTID_1": 68, "序号": "67", "村": "红煤厂", "编号": "HMC-2-009", "组别": "四组", "宅基地坐落": "北京市房山区佛子庄乡红煤厂村二区17-1号", "产权人": "宋桂茹", "联系电话": "13581564218", "建成节点1982": "后", "新老宅": "新", "建成节点2021": "前", "宅基地面积": 241.36, "建筑面积": 140.62, "认定人口": 1, "是否确权": "是", "是否交房": "是", "是否签约": "是", "是否组卷": "是", "是否过审": "", "是否拆房": "", "合同金额_（元）": null, "已支付金额_（元）": null, "本次支付": null, "层数": 1, "进度状态": 4, "Shape_Length": 71.019976979829039, "Shape_Area": 241.36599137851371 }, "geometry": { "type": "MultiPolygon", "coordinates": [ [ [ [ 115.842002406518802, 39.822874617705104, 186.244600000005448 ], [ 115.842105246308364, 39.822851892287765, 186.244600000005448 ], [ 115.842020466368396, 39.822623783330449, 186.244600000005448 ], [ 115.841917628077567, 39.822646507789216, 186.244600000005448 ], [ 115.842002406518802, 39.822874617705104, 186.244600000005448 ] ] ] ] } },
{ "type": "Feature", "properties": { "OBJECTID": 115, "编码": "HMC-2-010", "OBJECTID_1": 14, "序号": "68", "村": "红煤厂", "编号": "HMC-2-010", "组别": "四组", "宅基地坐落": "北京市房山区佛子庄乡红煤厂村二区31号西侧", "产权人": "朱彤", "联系电话": "13581564218", "建成节点1982": "后", "新老宅": "新", "建成节点2021": "前", "宅基地面积": 152.68, "建筑面积": 99.63, "认定人口": 6, "是否确权": "是", "是否交房": "是", "是否签约": "是", "是否组卷": "", "是否过审": "", "是否拆房": "是", "合同金额_（元）": null, "已支付金额_（元）": null, "本次支付": null, "层数": 1, "进度状态": 3, "Shape_Length": 57.199939608920594, "Shape_Area": 152.68320998763122 }, "geometry": { "type": "MultiPolygon", "coordinates": [ [ [ [ 115.839953399123317, 39.823044439418631, 185.545499999992899 ], [ 115.839998052008283, 39.82318295992664, 185.545499999992899 ], [ 115.840083624045533, 39.823166559773398, 185.545499999992899 ], [ 115.840066017050802, 39.823111938020801, 185.545499999992899 ], [ 115.840085851584377, 39.823108136707873, 185.545499999992899 ], [ 115.840058806691388, 39.823024237098146, 185.545499999992899 ], [ 115.840049086797038, 39.82299408642767, 185.545499999992899 ], [ 115.839995817074396, 39.823004296314778, 185.545499999992899 ], [ 115.840005535778857, 39.823034446977672, 185.545499999992899 ], [ 115.839953399123317, 39.823044439418631, 185.545499999992899 ] ] ] ] } },
{ "type": "Feature", "properties": { "OBJECTID": 116, "编码": "HMC-2-011", "OBJECTID_1": 69, "序号": "69", "村": "红煤厂", "编号": "HMC-2-011", "组别": "三组", "宅基地坐落": "北京市房山区佛子庄乡红煤厂村二区31号", "产权人": "安淑金", "联系电话": "13716822730", "建成节点1982": "前", "新老宅": "老", "建成节点2021": "前", "宅基地面积": 194.59, "建筑面积": 87.47, "认定人口": 2, "是否确权": "是", "是否交房": "是", "是否签约": "是", "是否组卷": "是", "是否过审": "是", "是否拆房": "", "合同金额_（元）": 2932448.8, "已支付金额_（元）": 0, "本次支付": 646448.8, "层数": 1, "进度状态": 5, "Shape_Length": 60.088809592456499, "Shape_Area": 194.58797378221399 }, "geometry": { "type": "MultiPolygon", "coordinates": [ [ [ [ 115.840402171904742, 39.823499423889956, 192.713600000002771 ], [ 115.840379939623702, 39.823304307925547, 192.713600000002771 ], [ 115.840271741723541, 39.823311638086601, 192.713600000002771 ], [ 115.840287687748045, 39.823451583569515, 192.713600000002771 ], [ 115.840323059646394, 39.823504783380649, 192.713600000002771 ], [ 115.840402171904742, 39.823499423889956, 192.713600000002771 ] ] ] ] } },
{ "type": "Feature", "properties": { "OBJECTID": 117, "编码": "HMC-2-012", "OBJECTID_1": 70, "序号": "70", "村": "红煤厂", "编号": "HMC-2-012", "组别": "三组", "宅基地坐落": "北京市房山区佛子庄乡红煤厂村二区46号甲1号", "产权人": "朱仕好", "联系电话": "18518968807", "建成节点1982": "前", "新老宅": "老", "建成节点2021": "前", "宅基地面积": 406.49, "建筑面积": 130.11, "认定人口": 4, "是否确权": "是", "是否交房": "是", "是否签约": "是", "是否组卷": "是", "是否过审": "", "是否拆房": "", "合同金额_（元）": null, "已支付金额_（元）": null, "本次支付": null, "层数": 1, "进度状态": 4, "Shape_Length": 87.300029206814273, "Shape_Area": 406.49012979559637 }, "geometry": { "type": "MultiPolygon", "coordinates": [ [ [ [ 115.840725957753548, 39.823797544254788, 179.966499999994994 ], [ 115.840636062686286, 39.823649025403412, 179.966499999994994 ], [ 115.840547693220941, 39.823680826417785, 179.966499999994994 ], [ 115.840513118180056, 39.823623703460513, 179.966499999994994 ], [ 115.840406227766522, 39.823662169323917, 179.966499999994994 ], [ 115.840530697467599, 39.823867811307835, 179.966499999994994 ], [ 115.840725957753548, 39.823797544254788, 179.966499999994994 ] ] ] ] } },
{ "type": "Feature", "properties": { "OBJECTID": 118, "编码": "HMC-2-013", "OBJECTID_1": 71, "序号": "71", "村": "红煤厂", "编号": "HMC-2-013", "组别": "三组", "宅基地坐落": "北京市房山区佛子庄乡红煤厂村二区46号甲2号", "产权人": "朱瑞斌", "联系电话": "18518968807", "建成节点1982": "后", "新老宅": "新", "建成节点2021": "前", "宅基地面积": 205.6, "建筑面积": 63.61, "认定人口": 3, "是否确权": "是", "是否交房": "是", "是否签约": "是", "是否组卷": "是", "是否过审": "", "是否拆房": "是", "合同金额_（元）": null, "已支付金额_（元）": null, "本次支付": null, "层数": 1, "进度状态": 4, "Shape_Length": 57.699994752865919, "Shape_Area": 205.59999737016753 }, "geometry": { "type": "MultiPolygon", "coordinates": [ [ [ [ 115.840012248944404, 39.824066934538671, 176.367400000002817 ], [ 115.839928801706535, 39.823970753945893, 176.367400000002817 ], [ 115.83977348618653, 39.824050870185815, 176.367400000002817 ], [ 115.839856934451944, 39.824147051799429, 176.367400000002817 ], [ 115.840012248944404, 39.824066934538671, 176.367400000002817 ] ] ] ] } },
{ "type": "Feature", "properties": { "OBJECTID": 119, "编码": "HMC-2-014", "OBJECTID_1": 72, "序号": "72", "村": "红煤厂", "编号": "HMC-2-014", "组别": "二组", "宅基地坐落": "北京市房山区佛子庄乡红煤厂村二区42号内2号", "产权人": "朱仕宝", "联系电话": "13716197663", "建成节点1982": "前", "新老宅": "老", "建成节点2021": "前", "宅基地面积": 148.05, "建筑面积": 75.28, "认定人口": 3, "是否确权": "是", "是否交房": "是", "是否签约": "是", "是否组卷": "", "是否过审": "", "是否拆房": "", "合同金额_（元）": null, "已支付金额_（元）": null, "本次支付": null, "层数": 1, "进度状态": 3, "Shape_Length": 51.600148670467647, "Shape_Area": 148.04744557328132 }, "geometry": { "type": "MultiPolygon", "coordinates": [ [ [ [ 115.841311123863463, 39.823768163629921, 200.692899999994552 ], [ 115.84118616843628, 39.823797991216352, 200.692899999994552 ], [ 115.84120844344821, 39.823853469977159, 200.692899999994552 ], [ 115.841225716143725, 39.823896491011098, 200.692899999994552 ], [ 115.841246914033817, 39.823891430551363, 200.692899999994552 ], [ 115.841257793119297, 39.823918528809898, 200.692899999994552 ], [ 115.841297400190172, 39.823909074394841, 200.692899999994552 ], [ 115.841291700492931, 39.823894880531448, 200.692899999994552 ], [ 115.841355851162959, 39.823879566873423, 200.692899999994552 ], [ 115.841333401166892, 39.823823650495811, 200.692899999994552 ], [ 115.841311123863463, 39.823768163629921, 200.692899999994552 ] ] ] ] } },
{ "type": "Feature", "properties": { "OBJECTID": 120, "编码": "HMC-2-015", "OBJECTID_1": 73, "序号": "73", "村": "红煤厂", "编号": "HMC-2-015", "组别": "四组", "宅基地坐落": "北京市房山区佛子庄乡红煤厂村二区35号甲1号", "产权人": "朱宝峰", "联系电话": "13269515590", "建成节点1982": "后", "新老宅": "新", "建成节点2021": "前", "宅基地面积": 358.74, "建筑面积": 196.48, "认定人口": 4, "是否确权": "是", "是否交房": "是", "是否签约": "是", "是否组卷": "", "是否过审": "", "是否拆房": "", "合同金额_（元）": null, "已支付金额_（元）": null, "本次支付": null, "层数": 1, "进度状态": 3, "Shape_Length": 75.800222880830887, "Shape_Area": 358.74457469658802 }, "geometry": { "type": "MultiPolygon", "coordinates": [ [ [ [ 115.840104094479344, 39.824418915690501, 176.367400000002817 ], [ 115.840249081375703, 39.824554922298518, 176.367400000002817 ], [ 115.840414642386577, 39.824449990561668, 176.367400000002817 ], [ 115.840269655374271, 39.824313984156646, 176.367400000002817 ], [ 115.840104094479344, 39.824418915690501, 176.367400000002817 ] ] ] ] } },
{ "type": "Feature", "properties": { "OBJECTID": 121, "编码": "HMC-2-016", "OBJECTID_1": 74, "序号": "74", "村": "红煤厂", "编号": "HMC-2-016", "组别": "一组", "宅基地坐落": "北京市房山区佛子庄乡红煤厂村二区76内2号北侧", "产权人": "姜永红", "联系电话": "15611205469", "建成节点1982": "前", "新老宅": "老", "建成节点2021": "前", "宅基地面积": 232.56, "建筑面积": 151.97, "认定人口": 3, "是否确权": "是", "是否交房": "是", "是否签约": "是", "是否组卷": "", "是否过审": "", "是否拆房": "", "合同金额_（元）": null, "已支付金额_（元）": null, "本次支付": null, "层数": 1, "进度状态": 3, "Shape_Length": 64.699882527987924, "Shape_Area": 232.55470755237954 }, "geometry": { "type": "MultiPolygon", "coordinates": [ [ [ [ 115.840600973005877, 39.825279666327887, 176.367400000002817 ], [ 115.840656276266387, 39.825260314554271, 176.367400000002817 ], [ 115.840806766013003, 39.82520765277448, 176.367400000002817 ], [ 115.840773461094827, 39.825151070355858, 176.367400000002817 ], [ 115.840744018428751, 39.825101047865147, 176.367400000002817 ], [ 115.84059087116178, 39.825154639457487, 176.367400000002817 ], [ 115.84060486850764, 39.825178420454073, 176.367400000002817 ], [ 115.840567645245159, 39.825191446868985, 176.367400000002817 ], [ 115.840583090478873, 39.825217687504505, 176.367400000002817 ], [ 115.840567669392456, 39.825223083864479, 176.367400000002817 ], [ 115.840600973005877, 39.825279666327887, 176.367400000002817 ] ] ] ] } },
{ "type": "Feature", "properties": { "OBJECTID": 122, "编码": "HMC-2-017", "OBJECTID_1": 75, "序号": "75", "村": "红煤厂", "编号": "HMC-2-017", "组别": "三组", "宅基地坐落": "北京市房山区佛子庄乡红煤厂村二区59号", "产权人": "姜永祥", "联系电话": "15910385557", "建成节点1982": "前", "新老宅": "老", "建成节点2021": "前", "宅基地面积": 130.0, "建筑面积": 78.18, "认定人口": 1, "是否确权": "是", "是否交房": "是", "是否签约": "是", "是否组卷": "", "是否过审": "", "是否拆房": "", "合同金额_（元）": null, "已支付金额_（元）": null, "本次支付": null, "层数": 1, "进度状态": 3, "Shape_Length": 45.80011748283696, "Shape_Area": 130.00068901871256 }, "geometry": { "type": "MultiPolygon", "coordinates": [ [ [ [ 115.841480987491565, 39.82496110820059, 182.986900000003516 ], [ 115.841593277187897, 39.824925399818241, 182.986900000003516 ], [ 115.841537614392976, 39.824821335556145, 182.986900000003516 ], [ 115.841425324839875, 39.824857043887263, 182.986900000003516 ], [ 115.841480987491565, 39.82496110820059, 182.986900000003516 ] ] ] ] } },
{ "type": "Feature", "properties": { "OBJECTID": 123, "编码": "HMC-2-018", "OBJECTID_1": 76, "序号": "76", "村": "红煤厂", "编号": "HMC-2-018", "组别": "三组", "宅基地坐落": "北京市房山区佛子庄乡红煤厂村二区59号内3号", "产权人": "姜宁", "联系电话": "13520208901", "建成节点1982": "后", "新老宅": "新", "建成节点2021": "前", "宅基地面积": 182.04, "建筑面积": 170.5, "认定人口": 5, "是否确权": "是", "是否交房": "是", "是否签约": "是", "是否组卷": "", "是否过审": "", "是否拆房": "", "合同金额_（元）": null, "已支付金额_（元）": null, "本次支付": null, "层数": 1, "进度状态": 3, "Shape_Length": 58.46003367155874, "Shape_Area": 182.04085820115159 }, "geometry": { "type": "MultiPolygon", "coordinates": [ [ [ [ 115.841423432859401, 39.825006876301309, 182.986900000003516 ], [ 115.841386553798444, 39.824837696960451, 182.986900000003516 ], [ 115.841315720233482, 39.824846877348087, 182.986900000003516 ], [ 115.841321430923429, 39.824873075598013, 182.986900000003516 ], [ 115.841275014269314, 39.824879091005336, 182.986900000003516 ], [ 115.841306182376229, 39.825022072127091, 182.986900000003516 ], [ 115.841423432859401, 39.825006876301309, 182.986900000003516 ] ] ] ] } },
{ "type": "Feature", "properties": { "OBJECTID": 124, "编码": "HMC-2-019", "OBJECTID_1": 77, "序号": "77", "村": "红煤厂", "编号": "HMC-2-019", "组别": "四组", "宅基地坐落": "北京市房山区佛子庄乡红煤厂村二区64号甲1号", "产权人": "姜有为", "联系电话": "15910358854（之父）", "建成节点1982": "后", "新老宅": "新", "建成节点2021": "前", "宅基地面积": 148.78, "建筑面积": 106.64, "认定人口": 1, "是否确权": "是", "是否交房": "是", "是否签约": "是", "是否组卷": "是", "是否过审": "是", "是否拆房": "是", "合同金额_（元）": 2436081.6, "已支付金额_（元）": 0, "本次支付": 686081.6, "层数": 1, "进度状态": 5, "Shape_Length": 51.700004586299556, "Shape_Area": 148.78039221558424 }, "geometry": { "type": "MultiPolygon", "coordinates": [ [ [ [ 115.840524783506424, 39.826611503900857, 190.080100000006496 ], [ 115.840625023635482, 39.826621216463529, 190.080100000006496 ], [ 115.840650071051172, 39.826467533039413, 190.080100000006496 ], [ 115.840549831140919, 39.826457820501304, 190.080100000006496 ], [ 115.840524783506424, 39.826611503900857, 190.080100000006496 ] ] ] ] } },
{ "type": "Feature", "properties": { "OBJECTID": 125, "编码": "HMC-2-021", "OBJECTID_1": 79, "序号": "79", "村": "红煤厂", "编号": "HMC-2-021", "组别": "三组", "宅基地坐落": "北京市房山区佛子庄乡红煤厂村二区38号", "产权人": "朱硕", "联系电话": "13810164532", "建成节点1982": "前", "新老宅": "老", "建成节点2021": "前", "宅基地面积": 247.08, "建筑面积": 77.64, "认定人口": 4, "是否确权": "是", "是否交房": "是", "是否签约": "是", "是否组卷": "是", "是否过审": "", "是否拆房": "", "合同金额_（元）": null, "已支付金额_（元）": null, "本次支付": null, "层数": 1, "进度状态": 4, "Shape_Length": 65.864820066326885, "Shape_Area": 247.07764986649147 }, "geometry": { "type": "MultiPolygon", "coordinates": [ [ [ [ 115.840910651986079, 39.823618009700901, 192.679000000003725 ], [ 115.840878050860326, 39.823549055394736, 192.679000000003725 ], [ 115.84085884817226, 39.823554452739138, 192.679000000003725 ], [ 115.840677800704668, 39.823605346654055, 192.679000000003725 ], [ 115.840742050565225, 39.82369128403446, 192.679000000003725 ], [ 115.840760154861201, 39.823686195451934, 192.679000000003725 ], [ 115.840778756354723, 39.823725537313571, 192.679000000003725 ], [ 115.840810027871782, 39.823716746381152, 192.679000000003725 ], [ 115.840810228658995, 39.823717169874712, 192.679000000003725 ], [ 115.840921051360738, 39.823686016284114, 192.679000000003725 ], [ 115.840902251328501, 39.823646251874408, 192.679000000003725 ], [ 115.840915966566982, 39.823642395584798, 192.679000000003725 ], [ 115.840905165668232, 39.823619551674106, 192.679000000003725 ], [ 115.840910651986079, 39.823618009700901, 192.679000000003725 ] ] ] ] } },
{ "type": "Feature", "properties": { "OBJECTID": 126, "编码": "HMC-2-022", "OBJECTID_1": 80, "序号": "80", "村": "红煤厂", "编号": "HMC-2-022", "组别": "三组", "宅基地坐落": "北京市房山区佛子庄乡红煤厂村二区33号", "产权人": "段素珍", "联系电话": "13581527895", "建成节点1982": "前", "新老宅": "老", "建成节点2021": "前", "宅基地面积": 327.17, "建筑面积": 152.9, "认定人口": 1, "是否确权": "是", "是否交房": "是", "是否签约": "是", "是否组卷": "", "是否过审": "", "是否拆房": "", "合同金额_（元）": null, "已支付金额_（元）": null, "本次支付": null, "层数": 1, "进度状态": 3, "Shape_Length": 74.096444110856268, "Shape_Area": 327.17100653729983 }, "geometry": { "type": "MultiPolygon", "coordinates": [ [ [ [ 115.840647710778612, 39.823586230330491, 189.437999999994645 ], [ 115.840833933449062, 39.823543061402411, 189.437999999994645 ], [ 115.84080636109249, 39.823472344386722, 189.437999999994645 ], [ 115.840827611527445, 39.823467417818733, 189.437999999994645 ], [ 115.840798021450524, 39.823391525525608, 189.437999999994645 ], [ 115.840559792305044, 39.823446749916911, 189.437999999994645 ], [ 115.840600006789572, 39.82352017899742, 189.437999999994645 ], [ 115.84061687834658, 39.823543538415159, 189.437999999994645 ], [ 115.840647710778612, 39.823586230330491, 189.437999999994645 ] ] ] ] } },
{ "type": "Feature", "properties": { "OBJECTID": 127, "编码": "HMC-2-024", "OBJECTID_1": 81, "序号": "81", "村": "红煤厂", "编号": "HMC-2-024", "组别": "三组", "宅基地坐落": "北京市房山区佛子庄乡红煤厂村二区53号", "产权人": "姜淑梅", "联系电话": "13701133925（姜永军）", "建成节点1982": "后", "新老宅": "新", "建成节点2021": "前", "宅基地面积": 168.35, "建筑面积": 60.97, "认定人口": 2, "是否确权": "是", "是否交房": "是", "是否签约": "是", "是否组卷": "是", "是否过审": "", "是否拆房": "是", "合同金额_（元）": null, "已支付金额_（元）": null, "本次支付": null, "层数": 1, "进度状态": 4, "Shape_Length": 51.899918211690618, "Shape_Area": 168.34946985355558 }, "geometry": { "type": "MultiPolygon", "coordinates": [ [ [ [ 115.84192589950888, 39.824794154613642, 182.986900000003516 ], [ 115.841911889378778, 39.824678036420849, 182.986900000003516 ], [ 115.841760712753967, 39.824688880897284, 182.986900000003516 ], [ 115.841774722630845, 39.824804999104479, 182.986900000003516 ], [ 115.84192589950888, 39.824794154613642, 182.986900000003516 ] ] ] ] } },
{ "type": "Feature", "properties": { "OBJECTID": 128, "编码": "HMC-2-026", "OBJECTID_1": 83, "序号": "83", "村": "红煤厂", "编号": "HMC-2-026", "组别": "三组", "宅基地坐落": "北京市房山区佛子庄乡红煤厂村二区71内2号", "产权人": "姜永才", "联系电话": "15011365269\n13911791396", "建成节点1982": "后", "新老宅": "新", "建成节点2021": "前", "宅基地面积": 151.8, "建筑面积": 79.56, "认定人口": 3, "是否确权": "是", "是否交房": "是", "是否签约": "是", "是否组卷": "是", "是否过审": "", "是否拆房": "", "合同金额_（元）": null, "已支付金额_（元）": null, "本次支付": null, "层数": 1, "进度状态": 4, "Shape_Length": 59.199926129725014, "Shape_Area": 151.79966183432066 }, "geometry": { "type": "MultiPolygon", "coordinates": [ [ [ [ 115.841571575700272, 39.825085394185606, 182.986900000003516 ], [ 115.841538299573969, 39.825223515036534, 182.986900000003516 ], [ 115.841522514623421, 39.825289033757308, 182.986900000003516 ], [ 115.841598300941897, 39.825299889119023, 182.986900000003516 ], [ 115.841647362972097, 39.825096249524208, 182.986900000003516 ], [ 115.841571575700272, 39.825085394185606, 182.986900000003516 ] ] ] ] } },
{ "type": "Feature", "properties": { "OBJECTID": 129, "编码": "HMC-2-027", "OBJECTID_1": 84, "序号": "84", "村": "红煤厂", "编号": "HMC-2-027", "组别": "三组", "宅基地坐落": "北京市房山区佛子庄乡红煤厂村村委会南侧", "产权人": "陈永利", "联系电话": "13581527895", "建成节点1982": "后", "新老宅": "新", "建成节点2021": "前", "宅基地面积": 262.26, "建筑面积": 325.84, "认定人口": 1, "是否确权": "是", "是否交房": "是", "是否签约": "是", "是否组卷": "是", "是否过审": "", "是否拆房": "是", "合同金额_（元）": null, "已支付金额_（元）": null, "本次支付": null, "层数": 1, "进度状态": 4, "Shape_Length": 66.700004938128217, "Shape_Area": 262.25532695721853 }, "geometry": { "type": "MultiPolygon", "coordinates": [ [ [ [ 115.841611536519522, 39.822392245357591, 185.545499999992899 ], [ 115.841588238878856, 39.822279296371129, 185.545499999992899 ], [ 115.84135006578137, 39.822308505135737, 185.545499999992899 ], [ 115.841362814345928, 39.822370316417228, 185.545499999992899 ], [ 115.841373361871788, 39.822421454152312, 185.545499999992899 ], [ 115.841611536519522, 39.822392245357591, 185.545499999992899 ] ] ] ] } },
{ "type": "Feature", "properties": { "OBJECTID": 130, "编码": "HMC-2-028", "OBJECTID_1": 85, "序号": "85", "村": "红煤厂", "编号": "HMC-2-028", "组别": "三组", "宅基地坐落": "北京市房山区佛子庄乡红煤厂村二区51内2号", "产权人": "朱树青", "联系电话": "13651339253", "建成节点1982": "后", "新老宅": "新", "建成节点2021": "前", "宅基地面积": 83.3, "建筑面积": 59.19, "认定人口": 4, "是否确权": "是", "是否交房": "是", "是否签约": "是", "是否组卷": "是", "是否过审": "", "是否拆房": "是", "合同金额_（元）": null, "已支付金额_（元）": null, "本次支付": null, "层数": 1, "进度状态": 4, "Shape_Length": 39.500847399576159, "Shape_Area": 83.297500009238718 }, "geometry": { "type": "MultiPolygon", "coordinates": [ [ [ [ 115.841535070246607, 39.824733239135888, 182.986900000003516 ], [ 115.841536968346986, 39.824620231067655, 182.986900000003516 ], [ 115.841459892074582, 39.824619461367533, 182.986900000003516 ], [ 115.841459158498253, 39.824663133807327, 182.986900000003516 ], [ 115.841459433928179, 39.824716272767304, 182.986900000003516 ], [ 115.841459063357476, 39.824738334102562, 182.986900000003516 ], [ 115.841475996809876, 39.824738503208266, 182.986900000003516 ], [ 115.841476095123141, 39.824732650200929, 182.986900000003516 ], [ 115.841535070246607, 39.824733239135888, 182.986900000003516 ] ] ] ] } },
{ "type": "Feature", "properties": { "OBJECTID": 131, "编码": "HMC-2-029", "OBJECTID_1": 86, "序号": "86", "村": "红煤厂", "编号": "HMC-2-029", "组别": "四组", "宅基地坐落": "北京市房山区佛子庄乡红煤厂村二区17号", "产权人": "朱建勤", "联系电话": "18311256128", "建成节点1982": "后", "新老宅": "新", "建成节点2021": "前", "宅基地面积": 201.48, "建筑面积": 137.27, "认定人口": 3, "是否确权": "是", "是否交房": "是", "是否签约": "是", "是否组卷": "是", "是否过审": "", "是否拆房": "", "合同金额_（元）": null, "已支付金额_（元）": null, "本次支付": null, "层数": 1, "进度状态": 4, "Shape_Length": 62.200225558890168, "Shape_Area": 201.48174683935045 }, "geometry": { "type": "MultiPolygon", "coordinates": [ [ [ [ 115.841875319569084, 39.822861148466117, 184.724400000006426 ], [ 115.84197861843721, 39.822838351191812, 184.724400000006426 ], [ 115.841908240784591, 39.822648745770188, 184.724400000006426 ], [ 115.841804942180246, 39.822671542986306, 184.724400000006426 ], [ 115.841875319569084, 39.822861148466117, 184.724400000006426 ] ] ] ] } },
{ "type": "Feature", "properties": { "OBJECTID": 132, "编码": "HMC-2-030", "OBJECTID_1": 87, "序号": "87", "村": "红煤厂", "编号": "HMC-2-030", "组别": "一组", "宅基地坐落": "北京市房山区佛子庄乡红煤厂村二区20号东侧", "产权人": "陈瑶", "联系电话": "15910217159", "建成节点1982": "后", "新老宅": "新", "建成节点2021": "后", "宅基地面积": 91.52, "建筑面积": 70.07, "认定人口": 3, "是否确权": "是", "是否交房": "是", "是否签约": "是", "是否组卷": "", "是否过审": "", "是否拆房": "", "合同金额_（元）": null, "已支付金额_（元）": null, "本次支付": null, "层数": 1, "进度状态": 3, "Shape_Length": 41.399997173549203, "Shape_Area": 91.519844970355052 }, "geometry": { "type": "MultiPolygon", "coordinates": [ [ [ [ 115.841279780898802, 39.822638940024085, 186.716599999999744 ], [ 115.84144475422832, 39.822618902671735, 186.716599999999744 ], [ 115.841433124286979, 39.822561970391448, 186.716599999999744 ], [ 115.841268149923252, 39.822582007717692, 186.716599999999744 ], [ 115.841279780898802, 39.822638940024085, 186.716599999999744 ] ] ] ] } },
{ "type": "Feature", "properties": { "OBJECTID": 133, "编码": "HMC-2-031", "OBJECTID_1": 88, "序号": "88", "村": "红煤厂", "编号": "HMC-2-031", "组别": "三组", "宅基地坐落": "北京市房山区佛子庄乡红煤厂村二区34号", "产权人": "朱仕龙", "联系电话": "13439928528", "建成节点1982": "前", "新老宅": "老", "建成节点2021": "前", "宅基地面积": 80.62, "建筑面积": 85.15, "认定人口": 4, "是否确权": "是", "是否交房": "是", "是否签约": "是", "是否组卷": "是", "是否过审": "", "是否拆房": "", "合同金额_（元）": null, "已支付金额_（元）": null, "本次支付": null, "层数": 1, "进度状态": 4, "Shape_Length": 39.400003640169437, "Shape_Area": 80.619965057573211 }, "geometry": { "type": "MultiPolygon", "coordinates": [ [ [ [ 115.840907686724393, 39.823505741973236, 196.423599999994622 ], [ 115.84092133077219, 39.82338100998102, 196.423599999994622 ], [ 115.840853832413131, 39.823376619644847, 196.423599999994622 ], [ 115.840840188244528, 39.823501351627471, 196.423599999994622 ], [ 115.840907686724393, 39.823505741973236, 196.423599999994622 ] ] ] ] } },
{ "type": "Feature", "properties": { "OBJECTID": 134, "编码": "HMC-2-032", "OBJECTID_1": 89, "序号": "89", "村": "红煤厂", "编号": "HMC-2-032", "组别": "三组", "宅基地坐落": "北京市房山区佛子庄乡红煤厂村二区36内2号", "产权人": "朱仕虎", "联系电话": "13716628420", "建成节点1982": "后", "新老宅": "新", "建成节点2021": "前", "宅基地面积": 164.78, "建筑面积": 29.38, "认定人口": 2, "是否确权": "是", "是否交房": "是", "是否签约": "是", "是否组卷": "是", "是否过审": "", "是否拆房": "", "合同金额_（元）": null, "已支付金额_（元）": null, "本次支付": null, "层数": 1, "进度状态": 4, "Shape_Length": 54.40245409367607, "Shape_Area": 160.44122869476786 }, "geometry": { "type": "MultiPolygon", "coordinates": [ [ [ [ 115.840916219811248, 39.823428123164945, 196.423599999994622 ], [ 115.840907686724393, 39.823505741973236, 196.423599999994622 ], [ 115.841124978500531, 39.823516406472876, 196.423599999994622 ], [ 115.841131394328443, 39.823438684541898, 196.423599999994622 ], [ 115.840916219811248, 39.823428123164945, 196.423599999994622 ] ] ] ] } },
{ "type": "Feature", "properties": { "OBJECTID": 135, "编码": "HMC-2-033", "OBJECTID_1": 90, "序号": "90", "村": "红煤厂", "编号": "HMC-2-033", "组别": "一组", "宅基地坐落": "北京市房山区佛子庄乡红煤厂村24号内1号", "产权人": "燕宏", "联系电话": "15110258108", "建成节点1982": "后", "新老宅": "新", "建成节点2021": "前", "宅基地面积": 143.33, "建筑面积": 130.24, "认定人口": 3, "是否确权": "是", "是否交房": "是", "是否签约": "是", "是否组卷": "", "是否过审": "", "是否拆房": "是", "合同金额_（元）": null, "已支付金额_（元）": null, "本次支付": null, "层数": 1, "进度状态": 3, "Shape_Length": 51.000160197276088, "Shape_Area": 143.33033372223804 }, "geometry": { "type": "MultiPolygon", "coordinates": [ [ [ [ 115.841003746055151, 39.822529132983831, 173.703999999997905 ], [ 115.841121278005971, 39.822509378640738, 173.703999999997905 ], [ 115.84110013616845, 39.822434588498822, 173.703999999997905 ], [ 115.841089866301417, 39.822436315054524, 173.703999999997905 ], [ 115.841073201584919, 39.822377362799436, 173.703999999997905 ], [ 115.840977349218818, 39.82239347365681, 173.703999999997905 ], [ 115.840995258587256, 39.822456825250676, 173.703999999997905 ], [ 115.84098384788706, 39.822458743037707, 173.703999999997905 ], [ 115.841003746055151, 39.822529132983831, 173.703999999997905 ] ] ] ] } },
{ "type": "Feature", "properties": { "OBJECTID": 136, "编码": "HMC-2-034", "OBJECTID_1": 91, "序号": "91", "村": "红煤厂", "编号": "HMC-2-034", "组别": "一组", "宅基地坐落": "北京市房山区佛子庄乡红煤厂村24号甲1号", "产权人": "燕建东", "联系电话": "15810315204", "建成节点1982": "前", "新老宅": "老", "建成节点2021": "后", "宅基地面积": 241.5, "建筑面积": 144.9, "认定人口": 2, "是否确权": "是", "是否交房": "是", "是否签约": "是", "是否组卷": "", "是否过审": "", "是否拆房": "", "合同金额_（元）": null, "已支付金额_（元）": null, "本次支付": null, "层数": 1, "进度状态": 3, "Shape_Length": 62.205038067324779, "Shape_Area": 241.50051942685394 }, "geometry": { "type": "MultiPolygon", "coordinates": [ [ [ [ 115.840917431935623, 39.822944655106873, 187.170899999997346 ], [ 115.841103817748902, 39.822925517544128, 187.170899999997346 ], [ 115.841080386511891, 39.822789833835927, 187.170899999997346 ], [ 115.840894617335763, 39.822812541253512, 187.170899999997346 ], [ 115.840917431935623, 39.822944655106873, 187.170899999997346 ] ] ] ] } },
{ "type": "Feature", "properties": { "OBJECTID": 137, "编码": "HMC-2-035", "OBJECTID_1": 92, "序号": "92", "村": "红煤厂", "编号": "HMC-2-035", "组别": "四组", "宅基地坐落": "北京市房山区佛子庄乡红煤厂村大厂区21号", "产权人": "姜绍山", "联系电话": "13718772248", "建成节点1982": "前", "新老宅": "老", "建成节点2021": "后", "宅基地面积": 157.83, "建筑面积": 114.47, "认定人口": 2, "是否确权": "是", "是否交房": "是", "是否签约": "是", "是否组卷": "", "是否过审": "", "是否拆房": "", "合同金额_（元）": null, "已支付金额_（元）": null, "本次支付": null, "层数": 1, "进度状态": 3, "Shape_Length": 51.399937184556194, "Shape_Area": 157.83212147521715 }, "geometry": { "type": "MultiPolygon", "coordinates": [ [ [ [ 115.840541313405183, 39.822915340831457, 185.200800000005984 ], [ 115.840659449249742, 39.822907791812504, 185.200800000005984 ], [ 115.840644449083655, 39.822768236777392, 185.200800000005984 ], [ 115.84052631347727, 39.822775785784678, 185.200800000005984 ], [ 115.840541313405183, 39.822915340831457, 185.200800000005984 ] ] ] ] } },
{ "type": "Feature", "properties": { "OBJECTID": 138, "编码": "HMC-2-036", "OBJECTID_1": 93, "序号": "93", "村": "红煤厂", "编号": "HMC-2-036", "组别": "四组", "宅基地坐落": "北京市房山区佛子庄乡红煤厂村大厂区21号西侧", "产权人": "姜斌", "联系电话": "13717515556", "建成节点1982": "后", "新老宅": "新", "建成节点2021": "前", "宅基地面积": 103.32, "建筑面积": 46.75, "认定人口": 2, "是否确权": "是", "是否交房": "是", "是否签约": "是", "是否组卷": "", "是否过审": "", "是否拆房": "", "合同金额_（元）": null, "已支付金额_（元）": null, "本次支付": null, "层数": 1, "进度状态": 3, "Shape_Length": 40.558736597599705, "Shape_Area": 103.32265072787253 }, "geometry": { "type": "MultiPolygon", "coordinates": [ [ [ [ 115.840432622936362, 39.822923453359536, 185.200800000005984 ], [ 115.840541313405183, 39.822915340831457, 185.200800000005984 ], [ 115.840535687199193, 39.822870524088493, 185.200800000005984 ], [ 115.840527361344257, 39.822804193515964, 185.200800000005984 ], [ 115.840478537782204, 39.822807837556681, 185.200800000005984 ], [ 115.840424184933241, 39.822856226449353, 185.200800000005984 ], [ 115.840426997983514, 39.82287863572359, 185.200800000005984 ], [ 115.840432622936362, 39.822923453359536, 185.200800000005984 ] ] ] ] } },
{ "type": "Feature", "properties": { "OBJECTID": 139, "编码": "HMC-2-037", "OBJECTID_1": 94, "序号": "94", "村": "红煤厂", "编号": "HMC-2-037", "组别": "一组", "宅基地坐落": "北京市房山区佛子庄乡红煤厂村67号内2号", "产权人": "姜永刚", "联系电话": "13716339840", "建成节点1982": "后", "新老宅": "新", "建成节点2021": "前", "宅基地面积": 202.09, "建筑面积": 133.4, "认定人口": 3, "是否确权": "是", "是否交房": "是", "是否签约": "是", "是否组卷": "", "是否过审": "", "是否拆房": "", "合同金额_（元）": null, "已支付金额_（元）": null, "本次支付": null, "层数": 1, "进度状态": 3, "Shape_Length": 60.300157512808831, "Shape_Area": 202.08491450234354 }, "geometry": { "type": "MultiPolygon", "coordinates": [ [ [ [ 115.840653101505779, 39.825368231271334, 176.367400000002817 ], [ 115.840754137074981, 39.825332875055565, 176.367400000002817 ], [ 115.84075075749557, 39.825327134996812, 176.367400000002817 ], [ 115.84085551515588, 39.825290476673246, 176.367400000002817 ], [ 115.840806766013003, 39.82520765277448, 176.367400000002817 ], [ 115.840656276266387, 39.825260314554271, 176.367400000002817 ], [ 115.840600973005877, 39.825279666327887, 176.367400000002817 ], [ 115.840653101505779, 39.825368231271334, 176.367400000002817 ] ] ] ] } },
{ "type": "Feature", "properties": { "OBJECTID": 140, "编码": "HMC-2-038", "OBJECTID_1": 95, "序号": "95", "村": "红煤厂", "编号": "HMC-2-038", "组别": "一组", "宅基地坐落": "北京市房山区佛子庄乡红煤厂村二区18号西侧", "产权人": "朱树江", "联系电话": "13621000295", "建成节点1982": "后", "新老宅": "新", "建成节点2021": "前", "宅基地面积": 182.72, "建筑面积": 79.8, "认定人口": 2, "是否确权": "是", "是否交房": "是", "是否签约": "是", "是否组卷": "", "是否过审": "", "是否拆房": "", "合同金额_（元）": null, "已支付金额_（元）": null, "本次支付": null, "层数": 1, "进度状态": 3, "Shape_Length": 57.525524072678294, "Shape_Area": 182.71621925514532 }, "geometry": { "type": "MultiPolygon", "coordinates": [ [ [ [ 115.840210023347694, 39.823109795132019, 187.790099999998347 ], [ 115.84034480190941, 39.82316180559927, 187.790099999998347 ], [ 115.840381791659397, 39.823184003524126, 187.790099999998347 ], [ 115.840374598982592, 39.823107592892875, 187.790099999998347 ], [ 115.840368193222176, 39.823039329874625, 187.790099999998347 ], [ 115.840365075091711, 39.823006097574613, 187.790099999998347 ], [ 115.840257908357501, 39.82301207630438, 187.790099999998347 ], [ 115.840210023347694, 39.823109795132019, 187.790099999998347 ] ] ] ] } },
{ "type": "Feature", "properties": { "OBJECTID": 141, "编码": "HMC-2-039", "OBJECTID_1": 96, "序号": "96", "村": "红煤厂", "编号": "HMC-2-039", "组别": "三组", "宅基地坐落": "北京市房山区佛子庄乡红煤厂村二区52号", "产权人": "姜润", "联系电话": "13716839610\n15011453703（姜希）", "建成节点1982": "后", "新老宅": "新", "建成节点2021": "前", "宅基地面积": 252.42, "建筑面积": 146.75, "认定人口": 1, "是否确权": "是", "是否交房": "是", "是否签约": "是", "是否组卷": "", "是否过审": "", "是否拆房": "", "合同金额_（元）": null, "已支付金额_（元）": null, "本次支付": null, "层数": 1, "进度状态": 3, "Shape_Length": 68.999991114665349, "Shape_Area": 252.42021371935022 }, "geometry": { "type": "MultiPolygon", "coordinates": [ [ [ [ 115.841735714756368, 39.82478298861588, 182.986900000003516 ], [ 115.841713103752269, 39.824674515395671, 182.986900000003516 ], [ 115.841571269147948, 39.824692092223223, 182.986900000003516 ], [ 115.841593879933413, 39.824800565467605, 182.986900000003516 ], [ 115.841592727024121, 39.824800708860906, 182.986900000003516 ], [ 115.841611074646394, 39.824888732525025, 182.986900000003516 ], [ 115.84167565003294, 39.824880729616254, 182.986900000003516 ], [ 115.841670089697246, 39.824854055559193, 182.986900000003516 ], [ 115.841748502192146, 39.824844338206425, 182.986900000003516 ], [ 115.841735714756368, 39.82478298861588, 182.986900000003516 ] ] ] ] } },
{ "type": "Feature", "properties": { "OBJECTID": 142, "编码": "HMC-2-042", "OBJECTID_1": 97, "序号": "97", "村": "红煤厂", "编号": "HMC-2-042", "组别": "二组", "宅基地坐落": "北京市房山区佛子庄乡红煤厂村西仓7内1号", "产权人": "燕爱民", "联系电话": "13436934569", "建成节点1982": "后", "新老宅": "新", "建成节点2021": "前", "宅基地面积": 72.01, "建筑面积": 82.82, "认定人口": 2, "是否确权": "是", "是否交房": "是", "是否签约": "是", "是否组卷": "", "是否过审": "", "是否拆房": "是", "合同金额_（元）": null, "已支付金额_（元）": null, "本次支付": null, "层数": 1, "进度状态": 3, "Shape_Length": 76.544271439030325, "Shape_Area": 174.20139477531023 }, "geometry": { "type": "MultiPolygon", "coordinates": [ [ [ [ 115.840167056820988, 39.822870684882773, 0.0 ], [ 115.84022741811043, 39.822842364217422, 0.0 ], [ 115.840159727250537, 39.822756586676931, 0.0 ], [ 115.840094377893877, 39.822787247665403, 0.0 ], [ 115.840149622655389, 39.822857255346342, 0.0 ], [ 115.840154611957843, 39.822854914097974, 0.0 ], [ 115.840167056820988, 39.822870684882773, 0.0 ] ] ], [ [ [ 115.841398262278545, 39.82461427526772, 0.0 ], [ 115.841376717331627, 39.824539093007743, 0.0 ], [ 115.84123782567363, 39.82456275724919, 0.0 ], [ 115.841258568319432, 39.82463514231975, 0.0 ], [ 115.841398262278545, 39.82461427526772, 0.0 ] ] ] ] } },
{ "type": "Feature", "properties": { "OBJECTID": 143, "编码": "HMC-2-043", "OBJECTID_1": 98, "序号": "98", "村": "红煤厂", "编号": "HMC-2-043", "组别": "二组", "宅基地坐落": "北京市房山区佛子庄乡红煤厂村二区23号", "产权人": "燕建军", "联系电话": "17710639258", "建成节点1982": "前", "新老宅": "老", "建成节点2021": "前", "宅基地面积": 233.09, "建筑面积": 151.84, "认定人口": 3, "是否确权": "是", "是否交房": "是", "是否签约": "是", "是否组卷": "", "是否过审": "", "是否拆房": "是", "合同金额_（元）": null, "已支付金额_（元）": null, "本次支付": null, "层数": 1, "进度状态": 3, "Shape_Length": 61.200005257148618, "Shape_Area": 233.09005199049625 }, "geometry": { "type": "MultiPolygon", "coordinates": [ [ [ [ 115.840894617335763, 39.822812541253512, 187.170899999997346 ], [ 115.841082635999129, 39.822789559105011, 187.170899999997346 ], [ 115.841056486713995, 39.822662369846512, 187.170899999997346 ], [ 115.840868469543366, 39.822685352870117, 187.170899999997346 ], [ 115.840894617335763, 39.822812541253512, 187.170899999997346 ] ] ] ] } },
{ "type": "Feature", "properties": { "OBJECTID": 144, "编码": "HMC-2-044", "OBJECTID_1": 99, "序号": "99", "村": "红煤厂", "编号": "HMC-2-044", "组别": "三组", "宅基地坐落": "北京市房山区佛子庄乡红煤厂村二区43号", "产权人": "罗玉兰", "联系电话": "13716773005", "建成节点1982": "前", "新老宅": "老", "建成节点2021": "前", "宅基地面积": 172.17, "建筑面积": 82.37, "认定人口": 1, "是否确权": "是", "是否交房": "是", "是否签约": "是", "是否组卷": "是", "是否过审": "是", "是否拆房": "", "合同金额_（元）": null, "已支付金额_（元）": null, "本次支付": null, "层数": 1, "进度状态": 5, "Shape_Length": 55.000018453580161, "Shape_Area": 172.16505079363864 }, "geometry": { "type": "MultiPolygon", "coordinates": [ [ [ [ 115.841333568028205, 39.823791467826069, 204.591100000005099 ], [ 115.841436046495787, 39.823763715779805, 204.591100000005099 ], [ 115.841368319146326, 39.823615025300356, 204.591100000005099 ], [ 115.841258127339515, 39.823644866222352, 204.591100000005099 ], [ 115.841310180940567, 39.823759145371874, 204.591100000005099 ], [ 115.841317893319939, 39.823757056424881, 204.591100000005099 ], [ 115.841333568028205, 39.823791467826069, 204.591100000005099 ] ] ] ] } },
{ "type": "Feature", "properties": { "OBJECTID": 145, "编码": "HMC-2-045", "OBJECTID_1": 100, "序号": "100", "村": "红煤厂", "编号": "HMC-2-045", "组别": "三组", "宅基地坐落": "北京市房山区佛子庄乡红煤厂村二区43号内2号", "产权人": "朱瑞军", "联系电话": "1371673005\n13581675341", "建成节点1982": "前", "新老宅": "老", "建成节点2021": "前", "宅基地面积": 200.39, "建筑面积": 65.0, "认定人口": 3, "是否确权": "是", "是否交房": "是", "是否签约": "是", "是否组卷": "是", "是否过审": "是", "是否拆房": "", "合同金额_（元）": null, "已支付金额_（元）": null, "本次支付": null, "层数": 1, "进度状态": 5, "Shape_Length": 61.799995137532889, "Shape_Area": 200.38976598648071 }, "geometry": { "type": "MultiPolygon", "coordinates": [ [ [ [ 115.841032433047047, 39.824037618237348, 195.173500000004424 ], [ 115.841071753923529, 39.824029005816591, 195.173500000004424 ], [ 115.841086113674265, 39.824067988237339, 195.173500000004424 ], [ 115.841167003927836, 39.824050272456724, 195.173500000004424 ], [ 115.841102544125278, 39.823875285925666, 195.173500000004424 ], [ 115.841040753508125, 39.823888818190518, 195.173500000004424 ], [ 115.840982333273317, 39.823901613169134, 195.173500000004424 ], [ 115.841032433047047, 39.824037618237348, 195.173500000004424 ] ] ] ] } },
{ "type": "Feature", "properties": { "OBJECTID": 146, "编码": "HMC-2-046", "OBJECTID_1": 101, "序号": "101", "村": "红煤厂", "编号": "HMC-2-046", "组别": "三组", "宅基地坐落": "北京市房山区佛子庄乡红煤厂村二区甲19号", "产权人": "姜永勇", "联系电话": "13521793688", "建成节点1982": "前", "新老宅": "老", "建成节点2021": "前", "宅基地面积": 231.44, "建筑面积": 117.47, "认定人口": 2, "是否确权": "是", "是否交房": "是", "是否签约": "是", "是否组卷": "是", "是否过审": "是", "是否拆房": "是", "合同金额_（元）": 3057602.8, "已支付金额_（元）": 0, "本次支付": 771602.8, "层数": 1, "进度状态": 5, "Shape_Length": 61.500252435859665, "Shape_Area": 231.43976626226313 }, "geometry": { "type": "MultiPolygon", "coordinates": [ [ [ [ 115.84141490910406, 39.824352188200329, 200.692899999994552 ], [ 115.841365151343595, 39.824198407699143, 200.692899999994552 ], [ 115.841215571304247, 39.824227182424913, 200.692899999994552 ], [ 115.841266463039261, 39.824380745558614, 200.692899999994552 ], [ 115.84141490910406, 39.824352188200329, 200.692899999994552 ] ] ] ] } },
{ "type": "Feature", "properties": { "OBJECTID": 147, "编码": "HMC-2-047", "OBJECTID_1": 102, "序号": "102", "村": "红煤厂", "编号": "HMC-2-047", "组别": "三组", "宅基地坐落": "北京市房山区佛子庄乡红煤厂村二区49号", "产权人": "朱树军", "联系电话": "13436618592", "建成节点1982": "后", "新老宅": "新", "建成节点2021": "前", "宅基地面积": 125.88, "建筑面积": 58.96, "认定人口": 1, "是否确权": "是", "是否交房": "是", "是否签约": "是", "是否组卷": "是", "是否过审": "是", "是否拆房": "是", "合同金额_（元）": 2289523.4, "已支付金额_（元）": 0, "本次支付": 539523.4, "层数": 1, "进度状态": 5, "Shape_Length": 62.299817993031056, "Shape_Area": 125.87921575891909 }, "geometry": { "type": "MultiPolygon", "coordinates": [ [ [ [ 115.841398262278545, 39.82461427526772, 196.490200000000186 ], [ 115.841452431127792, 39.824605046385791, 196.490200000000186 ], [ 115.841445502158933, 39.824580865057229, 196.490200000000186 ], [ 115.841462607677187, 39.824577950380444, 196.490200000000186 ], [ 115.84143753530924, 39.824490457539, 196.490200000000186 ], [ 115.841227129344972, 39.824526305241307, 196.490200000000186 ], [ 115.841237586727075, 39.824562797191319, 196.490200000000186 ], [ 115.841376717331627, 39.824539093007743, 196.490200000000186 ], [ 115.841398262278545, 39.82461427526772, 196.490200000000186 ] ] ] ] } },
{ "type": "Feature", "properties": { "OBJECTID": 148, "编码": "HMC-2-048", "OBJECTID_1": 103, "序号": "103", "村": "红煤厂", "编号": "HMC-2-048", "组别": "三组", "宅基地坐落": "北京市房山区佛子庄乡红煤厂村二区32号", "产权人": "朱建忠", "联系电话": "", "建成节点1982": "后", "新老宅": "新", "建成节点2021": "前", "宅基地面积": 111.78, "建筑面积": 54.6, "认定人口": null, "是否确权": "是", "是否交房": "是", "是否签约": "是", "是否组卷": "", "是否过审": "", "是否拆房": "", "合同金额_（元）": null, "已支付金额_（元）": null, "本次支付": null, "层数": 1, "进度状态": 3, "Shape_Length": 40.373363533398162, "Shape_Area": 60.682858131640259 }, "geometry": { "type": "MultiPolygon", "coordinates": [ [ [ [ 115.840471167624827, 39.823614360890204, 189.437999999994645 ], [ 115.84056773037571, 39.823572356809024, 189.437999999994645 ], [ 115.840539300387448, 39.823533497579533, 189.437999999994645 ], [ 115.840553102635042, 39.823527452810097, 189.437999999994645 ], [ 115.840546620498344, 39.823517918070998, 189.437999999994645 ], [ 115.840403484719317, 39.823578764879606, 189.437999999994645 ], [ 115.840434591415374, 39.823565047844241, 189.437999999994645 ], [ 115.840471167624827, 39.823614360890204, 189.437999999994645 ] ] ] ] } },
{ "type": "Feature", "properties": { "OBJECTID": 149, "编码": "HMC-2-049", "OBJECTID_1": 104, "序号": "104", "村": "红煤厂", "编号": "HMC-2-049", "组别": "四组", "宅基地坐落": "北京市房山区佛子庄乡红煤厂村二区10号", "产权人": "姜永生", "联系电话": "13716046465", "建成节点1982": "后", "新老宅": "新", "建成节点2021": "前", "宅基地面积": 153.64, "建筑面积": 91.93, "认定人口": 6, "是否确权": "是", "是否交房": "是", "是否签约": "是", "是否组卷": "", "是否过审": "", "是否拆房": "是", "合同金额_（元）": null, "已支付金额_（元）": null, "本次支付": null, "层数": 1, "进度状态": 3, "Shape_Length": 49.600126981212824, "Shape_Area": 153.63830246724922 }, "geometry": { "type": "MultiPolygon", "coordinates": [ [ [ [ 115.844234521922559, 39.822853628273442, 182.142099999997299 ], [ 115.844372837213797, 39.822873650673053, 182.142099999997299 ], [ 115.84440031144112, 39.822760802706838, 182.142099999997299 ], [ 115.84426199635152, 39.822740781243205, 182.142099999997299 ], [ 115.844234521922559, 39.822853628273442, 182.142099999997299 ] ] ] ] } },
{ "type": "Feature", "properties": { "OBJECTID": 150, "编码": "HMC-2-050", "OBJECTID_1": 105, "序号": "105", "村": "红煤厂", "编号": "HMC-2-050", "组别": "四组", "宅基地坐落": "北京市房山区佛子庄乡红煤厂村二区93号内1号", "产权人": "姜永伟", "联系电话": "13716005658", "建成节点1982": "前", "新老宅": "老", "建成节点2021": "前", "宅基地面积": 145.18, "建筑面积": 86.98, "认定人口": 4, "是否确权": "是", "是否交房": "是", "是否签约": "是", "是否组卷": "是", "是否过审": "", "是否拆房": "", "合同金额_（元）": null, "已支付金额_（元）": null, "本次支付": null, "层数": 1, "进度状态": 4, "Shape_Length": 50.399900506844617, "Shape_Area": 145.18227160995551 }, "geometry": { "type": "MultiPolygon", "coordinates": [ [ [ [ 115.844372837213797, 39.822873650673053, 182.142099999997299 ], [ 115.844487047701378, 39.822890182502, 182.142099999997299 ], [ 115.844497282760415, 39.822848142007523, 182.142099999997299 ], [ 115.844529995880038, 39.822852877240628, 182.142099999997299 ], [ 115.844546479801409, 39.822785168432588, 182.142099999997299 ], [ 115.844399557581909, 39.822763900515255, 182.142099999997299 ], [ 115.844372837213797, 39.822873650673053, 182.142099999997299 ] ] ] ] } },
{ "type": "Feature", "properties": { "OBJECTID": 151, "编码": "HMC-2-051", "OBJECTID_1": 106, "序号": "106", "村": "红煤厂", "编号": "HMC-2-051", "组别": "四组", "宅基地坐落": "北京市房山区佛子庄乡红煤厂村二区68号", "产权人": "朱洪文", "联系电话": "13716807055", "建成节点1982": "后", "新老宅": "新", "建成节点2021": "前", "宅基地面积": 276.41, "建筑面积": 156.06, "认定人口": 3, "是否确权": "是", "是否交房": "是", "是否签约": "是", "是否组卷": "是", "是否过审": "", "是否拆房": "", "合同金额_（元）": null, "已支付金额_（元）": null, "本次支付": null, "层数": 1, "进度状态": 4, "Shape_Length": 66.520050679337857, "Shape_Area": 276.41291798401983 }, "geometry": { "type": "MultiPolygon", "coordinates": [ [ [ [ 115.840541107140922, 39.825014371372937, 189.616200000004028 ], [ 115.840710748918696, 39.824934653961854, 189.616200000004028 ], [ 115.840611981287978, 39.824809693862093, 189.616200000004028 ], [ 115.840442338527467, 39.82488941202201, 189.616200000004028 ], [ 115.840541107140922, 39.825014371372937, 189.616200000004028 ] ] ] ] } },
{ "type": "Feature", "properties": { "OBJECTID": 152, "编码": "HMC-2-052", "OBJECTID_1": 107, "序号": "107", "村": "红煤厂", "编号": "HMC-2-052", "组别": "四组", "宅基地坐落": "北京市房山区佛子庄乡红煤厂村二区68号内2号", "产权人": "朱美静", "联系电话": "13661003654", "建成节点1982": "后", "新老宅": "新", "建成节点2021": "前", "宅基地面积": 250.57, "建筑面积": 50.2, "认定人口": 1, "是否确权": "是", "是否交房": "是", "是否签约": "是", "是否组卷": "是", "是否过审": "", "是否拆房": "", "合同金额_（元）": null, "已支付金额_（元）": null, "本次支付": null, "层数": 1, "进度状态": 4, "Shape_Length": 65.599874303962252, "Shape_Area": 250.5670431660194 }, "geometry": { "type": "MultiPolygon", "coordinates": [ [ [ [ 115.840807902729338, 39.825057735381904, 189.616200000004028 ], [ 115.840710748918696, 39.824934653961854, 189.616200000004028 ], [ 115.840568581527251, 39.825001371818104, 189.616200000004028 ], [ 115.840611996337401, 39.825056373887818, 189.616200000004028 ], [ 115.840586555774962, 39.825068313042685, 189.616200000004028 ], [ 115.840640294593484, 39.825136392519845, 189.616200000004028 ], [ 115.840807902729338, 39.825057735381904, 189.616200000004028 ] ] ] ] } },
{ "type": "Feature", "properties": { "OBJECTID": 153, "编码": "HMC-2-053", "OBJECTID_1": 108, "序号": "108", "村": "红煤厂", "编号": "HMC-2-053", "组别": "四组", "宅基地坐落": "北京市房山区佛子庄乡红煤厂村二区76内2号", "产权人": "朱三龙", "联系电话": "15901240568", "建成节点1982": "前", "新老宅": "老", "建成节点2021": "前", "宅基地面积": 342.51, "建筑面积": 99.0, "认定人口": 2, "是否确权": "是", "是否交房": "是", "是否签约": "是", "是否组卷": "", "是否过审": "", "是否拆房": "", "合同金额_（元）": null, "已支付金额_（元）": null, "本次支付": null, "层数": 1, "进度状态": 3, "Shape_Length": 82.099937847784631, "Shape_Area": 342.50975699081874 }, "geometry": { "type": "MultiPolygon", "coordinates": [ [ [ [ 115.840507108433044, 39.825169785485897, 189.616200000004028 ], [ 115.840622852652757, 39.825114631402464, 189.616200000004028 ], [ 115.840442338527467, 39.82488941202201, 189.616200000004028 ], [ 115.840326594550106, 39.824944565930785, 189.616200000004028 ], [ 115.840507108433044, 39.825169785485897, 189.616200000004028 ] ] ] ] } },
{ "type": "Feature", "properties": { "OBJECTID": 154, "编码": "HMC-2-054", "OBJECTID_1": 109, "序号": "109", "村": "红煤厂", "编号": "HMC-2-054", "组别": "四组", "宅基地坐落": "北京市房山区佛子庄乡红煤厂村二区71号甲1号", "产权人": "姜永好", "联系电话": "13716790835", "建成节点1982": "后", "新老宅": "新", "建成节点2021": "前", "宅基地面积": 110.4, "建筑面积": 51.84, "认定人口": 2, "是否确权": "是", "是否交房": "是", "是否签约": "是", "是否组卷": "是", "是否过审": "是", "是否拆房": "", "合同金额_（元）": 2230805.6, "已支付金额_（元）": 0, "本次支付": 480805.6, "层数": 1, "进度状态": 5, "Shape_Length": 42.199996696293525, "Shape_Area": 110.39998475882068 }, "geometry": { "type": "MultiPolygon", "coordinates": [ [ [ [ 115.84003758461121, 39.824867407428869, 0.0 ], [ 115.840095982734468, 39.824941206710008, 0.0 ], [ 115.840210637731175, 39.824887266979751, 0.0 ], [ 115.840152239528095, 39.824813467754574, 0.0 ], [ 115.84003758461121, 39.824867407428869, 0.0 ] ] ] ] } },
{ "type": "Feature", "properties": { "OBJECTID": 155, "编码": "HMC-2-055", "OBJECTID_1": 110, "序号": "110", "村": "红煤厂", "编号": "HMC-2-055", "组别": "四组", "宅基地坐落": "北京市房山区佛子庄乡红煤厂村二区71号南侧", "产权人": "姜英", "联系电话": "13436864605", "建成节点1982": "后", "新老宅": "新", "建成节点2021": "前", "宅基地面积": 75.32, "建筑面积": 43.56, "认定人口": 3, "是否确权": "是", "是否交房": "是", "是否签约": "是", "是否组卷": "是", "是否过审": "", "是否拆房": "", "合同金额_（元）": null, "已支付金额_（元）": null, "本次支付": null, "层数": 1, "进度状态": 4, "Shape_Length": 45.300031609248983, "Shape_Area": 75.322495076759466 }, "geometry": { "type": "MultiPolygon", "coordinates": [ [ [ [ 115.839972986664563, 39.824715971769386, 197.627999999996973 ], [ 115.839945070865596, 39.824729104563666, 197.627999999996973 ], [ 115.840049699950555, 39.824861328743303, 197.627999999996973 ], [ 115.840104036400376, 39.82483576593863, 197.627999999996973 ], [ 115.840041684553924, 39.824756969250259, 197.627999999996973 ], [ 115.84001526395754, 39.824769399222475, 197.627999999996973 ], [ 115.839972986664563, 39.824715971769386, 197.627999999996973 ] ] ] ] } },
{ "type": "Feature", "properties": { "OBJECTID": 156, "编码": "HMC-2-056", "OBJECTID_1": 111, "序号": "111", "村": "红煤厂", "编号": "HMC-2-056", "组别": "四组", "宅基地坐落": "北京市房山区佛子庄乡红煤厂村二区71号", "产权人": "姜永福", "联系电话": "13436864605", "建成节点1982": "后", "新老宅": "新", "建成节点2021": "前", "宅基地面积": 165.66, "建筑面积": 90.89, "认定人口": 2, "是否确权": "是", "是否交房": "是", "是否签约": "是", "是否组卷": "是", "是否过审": "", "是否拆房": "", "合同金额_（元）": null, "已支付金额_（元）": null, "本次支付": null, "层数": 1, "进度状态": 4, "Shape_Length": 57.300254049808487, "Shape_Area": 165.66035552558151 }, "geometry": { "type": "MultiPolygon", "coordinates": [ [ [ [ 115.840095982734468, 39.824941206710008, 0.0 ], [ 115.840162591698657, 39.82502538476686, 0.0 ], [ 115.840214435822958, 39.825000993909356, 0.0 ], [ 115.840249414239651, 39.825045197172038, 0.0 ], [ 115.840316712069907, 39.825013537000686, 0.0 ], [ 115.84026926364723, 39.824953574445765, 0.0 ], [ 115.84026477680915, 39.824955685660477, 0.0 ], [ 115.840210637731175, 39.824887266979751, 0.0 ], [ 115.840095982734468, 39.824941206710008, 0.0 ] ] ] ] } },
{ "type": "Feature", "properties": { "OBJECTID": 157, "编码": "HMC-2-057", "OBJECTID_1": 112, "序号": "112", "村": "红煤厂", "编号": "HMC-2-057", "组别": "一组", "宅基地坐落": "北京市房山区佛子庄乡红煤厂村二区70号", "产权人": "姜烨栋", "联系电话": "15901078266", "建成节点1982": "前", "新老宅": "老", "建成节点2021": "前", "宅基地面积": 394.7, "建筑面积": 237.69, "认定人口": 3, "是否确权": "是", "是否交房": "是", "是否签约": "是", "是否组卷": "是", "是否过审": "", "是否拆房": "", "合同金额_（元）": null, "已支付金额_（元）": null, "本次支付": null, "层数": 1, "进度状态": 4, "Shape_Length": 79.899832559959592, "Shape_Area": 394.69348596302217 }, "geometry": { "type": "MultiPolygon", "coordinates": [ [ [ [ 115.840332260703889, 39.824750744773567, 176.367400000002817 ], [ 115.840455744766558, 39.824880816373181, 176.367400000002817 ], [ 115.840663546346576, 39.824763528577947, 176.367400000002817 ], [ 115.840540062091264, 39.824633457194324, 176.367400000002817 ], [ 115.840332260703889, 39.824750744773567, 176.367400000002817 ] ] ] ] } },
{ "type": "Feature", "properties": { "OBJECTID": 158, "编码": "HMC-2-058", "OBJECTID_1": 113, "序号": "113", "村": "红煤厂", "编号": "HMC-2-058", "组别": "一组", "宅基地坐落": "北京市房山区佛子庄乡红煤厂村二区70号内2号", "产权人": "杨秀兰", "联系电话": "13716122395", "建成节点1982": "后", "新老宅": "新", "建成节点2021": "前", "宅基地面积": 174.65, "建筑面积": 96.11, "认定人口": 4, "是否确权": "是", "是否交房": "是", "是否签约": "是", "是否组卷": "是", "是否过审": "", "是否拆房": "", "合同金额_（元）": null, "已支付金额_（元）": null, "本次支付": null, "层数": 1, "进度状态": 4, "Shape_Length": 55.878917945407125, "Shape_Area": 174.64742876794625 }, "geometry": { "type": "MultiPolygon", "coordinates": [ [ [ [ 115.840234445305882, 39.824825459015273, 176.367400000002817 ], [ 115.840355301736651, 39.824931187883571, 176.367400000002817 ], [ 115.840405243559346, 39.824897246730139, 176.367400000002817 ], [ 115.840409105481498, 39.824900624807853, 176.367400000002817 ], [ 115.840448094540733, 39.824874127601952, 176.367400000002817 ], [ 115.840317970642573, 39.824760291627456, 176.367400000002817 ], [ 115.840266625802329, 39.82477598039182, 176.367400000002817 ], [ 115.840240340478815, 39.824793843368553, 176.367400000002817 ], [ 115.840258101768768, 39.824809381794189, 176.367400000002817 ], [ 115.840234445305882, 39.824825459015273, 176.367400000002817 ] ] ] ] } },
{ "type": "Feature", "properties": { "OBJECTID": 159, "编码": "HMC-2-059", "OBJECTID_1": 114, "序号": "114", "村": "红煤厂", "编号": "HMC-2-059", "组别": "二组", "宅基地坐落": "北京市房山区佛子庄乡红煤厂村一区7内1号北侧", "产权人": "武栓柱", "联系电话": "15901065781", "建成节点1982": "前", "新老宅": "老", "建成节点2021": "前", "宅基地面积": 285.48, "建筑面积": 176.5, "认定人口": 1, "是否确权": "是", "是否交房": "是", "是否签约": "是", "是否组卷": "", "是否过审": "", "是否拆房": "", "合同金额_（元）": null, "已支付金额_（元）": null, "本次支付": null, "层数": 1, "进度状态": 3, "Shape_Length": 68.112382125053557, "Shape_Area": 285.47943277508364 }, "geometry": { "type": "MultiPolygon", "coordinates": [ [ [ [ 115.844587096198609, 39.821307504591978, 184.120999999999185 ], [ 115.844748166772504, 39.821300297931693, 184.120999999999185 ], [ 115.844746136538348, 39.821273327728825, 184.120999999999185 ], [ 115.84474522324345, 39.821261190059857, 184.120999999999185 ], [ 115.844736902258404, 39.821150609914312, 184.120999999999185 ], [ 115.844734669601962, 39.821120942155872, 184.120999999999185 ], [ 115.844567362538825, 39.821128428019996, 184.120999999999185 ], [ 115.844569595123374, 39.821158095780589, 184.120999999999185 ], [ 115.844577917008266, 39.821268675945781, 184.120999999999185 ], [ 115.844578830273761, 39.821280813615637, 184.120999999999185 ], [ 115.844587096198609, 39.821307504591978, 184.120999999999185 ] ] ] ] } },
{ "type": "Feature", "properties": { "OBJECTID": 160, "编码": "HMC-2-060", "OBJECTID_1": 115, "序号": "115", "村": "红煤厂", "编号": "HMC-2-060", "组别": "三组", "宅基地坐落": "北京市房山区佛子庄乡红煤厂村二区57号", "产权人": "姜淑娥", "联系电话": "15510285301（未知）\n13717936812（未知）", "建成节点1982": "后", "新老宅": "新", "建成节点2021": "前", "宅基地面积": 73.35, "建筑面积": 47.28, "认定人口": 6, "是否确权": "是", "是否交房": "是", "是否签约": "是", "是否组卷": "", "是否过审": "", "是否拆房": "", "合同金额_（元）": null, "已支付金额_（元）": null, "本次支付": null, "层数": 1, "进度状态": 3, "Shape_Length": 37.337240547564015, "Shape_Area": 73.354721501892328 }, "geometry": { "type": "MultiPolygon", "coordinates": [ [ [ [ 115.842494212264739, 39.825011140130478, 232.754000000000815 ], [ 115.842557125424591, 39.825019780599412, 232.754000000000815 ], [ 115.842583916644031, 39.824903529191069, 232.754000000000815 ], [ 115.842517227789898, 39.824895629195503, 232.754000000000815 ], [ 115.842494212264739, 39.825011140130478, 232.754000000000815 ] ] ] ] } },
{ "type": "Feature", "properties": { "OBJECTID": 161, "编码": "HMC-2-061", "OBJECTID_1": 116, "序号": "116", "村": "红煤厂", "编号": "HMC-2-061", "组别": "三组", "宅基地坐落": "北京市房山区佛子庄乡红煤厂村二区58号", "产权人": "姜磊", "联系电话": "13716413595", "建成节点1982": "前", "新老宅": "老", "建成节点2021": "前", "宅基地面积": 99.88, "建筑面积": 49.22, "认定人口": 3, "是否确权": "是", "是否交房": "是", "是否签约": "是", "是否组卷": "是", "是否过审": "是", "是否拆房": "", "合同金额_（元）": 2770940.8, "已支付金额_（元）": 0, "本次支付": 484940.8, "层数": 1, "进度状态": 5, "Shape_Length": 39.999955253889802, "Shape_Area": 99.877268276270428 }, "geometry": { "type": "MultiPolygon", "coordinates": [ [ [ [ 115.842313143057822, 39.824827478716664, 0.0 ], [ 115.842432778053762, 39.824840819094426, 0.0 ], [ 115.84244890938642, 39.824754812031856, 0.0 ], [ 115.842329273367909, 39.824741471660985, 0.0 ], [ 115.842313143057822, 39.824827478716664, 0.0 ] ] ] ] } },
{ "type": "Feature", "properties": { "OBJECTID": 162, "编码": "HMC-2-064", "OBJECTID_1": 117, "序号": "117", "村": "红煤厂", "编号": "HMC-2-064", "组别": "三组", "宅基地坐落": "北京市房山区佛子庄乡红煤厂村二区67号西侧", "产权人": "姜永强", "联系电话": "18501039515", "建成节点1982": "后", "新老宅": "新", "建成节点2021": "后", "宅基地面积": 91.6, "建筑面积": 67.65, "认定人口": 2, "是否确权": "是", "是否交房": "是", "是否签约": "是", "是否组卷": "是", "是否过审": "", "是否拆房": "", "合同金额_（元）": null, "已支付金额_（元）": null, "本次支付": null, "层数": 1, "进度状态": 4, "Shape_Length": 38.792186884363765, "Shape_Area": 91.602388829635103 }, "geometry": { "type": "MultiPolygon", "coordinates": [ [ [ [ 115.842173128383962, 39.825202531624413, 0.0 ], [ 115.842158613109902, 39.825158917734655, 0.0 ], [ 115.842167663852209, 39.825157126683735, 0.0 ], [ 115.842160696420649, 39.825136192627859, 0.0 ], [ 115.842136524091686, 39.825107040772409, 0.0 ], [ 115.842049982525452, 39.825124164047651, 0.0 ], [ 115.842082060738093, 39.825220550891821, 0.0 ], [ 115.842173128383962, 39.825202531624413, 0.0 ] ] ] ] } },
{ "type": "Feature", "properties": { "OBJECTID": 163, "编码": "HMC-2-066", "OBJECTID_1": 118, "序号": "118", "村": "红煤厂", "编号": "HMC-2-066", "组别": "三组", "宅基地坐落": "北京市房山区佛子庄乡红煤厂村二区67号", "产权人": "姜旭", "联系电话": "", "建成节点1982": "前", "新老宅": "老", "建成节点2021": "前", "宅基地面积": 165.58, "建筑面积": 81.9, "认定人口": 1, "是否确权": "是", "是否交房": "是", "是否签约": "是", "是否组卷": "是", "是否过审": "", "是否拆房": "", "合同金额_（元）": null, "已支付金额_（元）": null, "本次支付": null, "层数": 1, "进度状态": 4, "Shape_Length": 54.599957713681228, "Shape_Area": 165.57934898257247 }, "geometry": { "type": "MultiPolygon", "coordinates": [ [ [ [ 115.842206286270823, 39.825395413752481, 0.0 ], [ 115.84228087115531, 39.825406324224474, 0.0 ], [ 115.842287837149939, 39.825378011802599, 0.0 ], [ 115.842358980117581, 39.825388418656139, 0.0 ], [ 115.842383797687418, 39.825287557108652, 0.0 ], [ 115.842238070083695, 39.825266238921273, 0.0 ], [ 115.842206286270823, 39.825395413752481, 0.0 ] ] ] ] } },
{ "type": "Feature", "properties": { "OBJECTID": 164, "编码": "HMC-2-068", "OBJECTID_1": 119, "序号": "119", "村": "红煤厂", "编号": "HMC-2-068", "组别": "四组", "宅基地坐落": "北京市房山区佛子庄乡红煤厂村大厂4号", "产权人": "李素梅", "联系电话": "15811197134", "建成节点1982": "前", "新老宅": "老", "建成节点2021": "前", "宅基地面积": 267.36, "建筑面积": 131.22, "认定人口": 1, "是否确权": "是", "是否交房": "是", "是否签约": "是", "是否组卷": "", "是否过审": "", "是否拆房": "", "合同金额_（元）": null, "已支付金额_（元）": null, "本次支付": null, "层数": 1, "进度状态": 3, "Shape_Length": 65.800113796496206, "Shape_Area": 267.36338614421777 }, "geometry": { "type": "MultiPolygon", "coordinates": [ [ [ [ 115.839588511352702, 39.832132557652677, 0.0 ], [ 115.839715292920019, 39.83204395187478, 0.0 ], [ 115.839572125481823, 39.831922186277467, 0.0 ], [ 115.839445343962012, 39.832010791901304, 0.0 ], [ 115.839588511352702, 39.832132557652677, 0.0 ] ] ] ] } },
{ "type": "Feature", "properties": { "OBJECTID": 165, "编码": "HMC-2-073", "OBJECTID_1": 121, "序号": "121", "村": "红煤厂", "编号": "HMC-2-073", "组别": "四组", "宅基地坐落": "北京市房山区佛子庄乡红煤厂村71内2号北侧", "产权人": "姜永武", "联系电话": "15801366249\n15810668561（之子）", "建成节点1982": "后", "新老宅": "新", "建成节点2021": "前", "宅基地面积": 155.5, "建筑面积": 45.96, "认定人口": 2, "是否确权": "是", "是否交房": "是", "是否签约": "是", "是否组卷": "", "是否过审": "", "是否拆房": "", "合同金额_（元）": null, "已支付金额_（元）": null, "本次支付": null, "层数": 1, "进度状态": 3, "Shape_Length": 61.520025467962384, "Shape_Area": 155.50036578759307 }, "geometry": { "type": "MultiPolygon", "coordinates": [ [ [ [ 115.841538299573969, 39.825223515036534, 182.986900000003516 ], [ 115.841571575700272, 39.825085394185606, 182.986900000003516 ], [ 115.841524496047057, 39.825078650382103, 182.986900000003516 ], [ 115.84151681701654, 39.825110524769791, 182.986900000003516 ], [ 115.84148466501702, 39.825105919473543, 182.986900000003516 ], [ 115.841460347226928, 39.825206854263875, 182.986900000003516 ], [ 115.841450471947454, 39.82520543984667, 182.986900000003516 ], [ 115.84143340745635, 39.825276271105167, 182.986900000003516 ], [ 115.841522514623421, 39.825289033757308, 182.986900000003516 ], [ 115.841538299573969, 39.825223515036534, 182.986900000003516 ] ] ] ] } },
{ "type": "Feature", "properties": { "OBJECTID": 166, "编码": "HMC-2-074", "OBJECTID_1": 122, "序号": "122", "村": "红煤厂", "编号": "HMC-2-074", "组别": "四组", "宅基地坐落": "北京市房山区佛子庄乡红煤厂村二区大厂22号", "产权人": "姜淑香", "联系电话": "15910239007", "建成节点1982": "后", "新老宅": "新", "建成节点2021": "前", "宅基地面积": 22.91, "建筑面积": 17.28, "认定人口": 5, "是否确权": "是", "是否交房": "是", "是否签约": "是", "是否组卷": "", "是否过审": "", "是否拆房": "", "合同金额_（元）": null, "已支付金额_（元）": null, "本次支付": null, "层数": 1, "进度状态": 3, "Shape_Length": 19.929635475665847, "Shape_Area": 22.913224584977204 }, "geometry": { "type": "MultiPolygon", "coordinates": [ [ [ [ 115.842414890439485, 39.824964378631194, 0.0 ], [ 115.842421473531942, 39.824932359054372, 0.0 ], [ 115.842403309503936, 39.824930207264423, 0.0 ], [ 115.842347900009159, 39.824923643655318, 0.0 ], [ 115.842341515051629, 39.824955686819791, 0.0 ], [ 115.842414890439485, 39.824964378631194, 0.0 ] ] ] ] } },
{ "type": "Feature", "properties": { "OBJECTID": 167, "编码": "HMC-2-075", "OBJECTID_1": 123, "序号": "123", "村": "红煤厂", "编号": "HMC-2-075", "组别": "四组", "宅基地坐落": "北京市房山区佛子庄乡红煤厂村二区08号", "产权人": "姜永成", "联系电话": "15910440641", "建成节点1982": "后", "新老宅": "新", "建成节点2021": "前", "宅基地面积": 42.1, "建筑面积": 27.84, "认定人口": 2, "是否确权": "是", "是否交房": "是", "是否签约": "是", "是否组卷": "", "是否过审": "", "是否拆房": "", "合同金额_（元）": null, "已支付金额_（元）": null, "本次支付": null, "层数": 1, "进度状态": 3, "Shape_Length": 27.139939448862648, "Shape_Area": 42.0957405054668 }, "geometry": { "type": "MultiPolygon", "coordinates": [ [ [ [ 115.842403309503936, 39.824930207264423, 0.0 ], [ 115.842413596065256, 39.824878582256858, 0.0 ], [ 115.842418863691236, 39.82485214596737, 0.0 ], [ 115.842363453089504, 39.824845582354818, 0.0 ], [ 115.842347900009159, 39.824923643655318, 0.0 ], [ 115.842403309503936, 39.824930207264423, 0.0 ] ] ] ] } },
{ "type": "Feature", "properties": { "OBJECTID": 168, "编码": "HMC-2-076", "OBJECTID_1": 124, "序号": "124", "村": "红煤厂", "编号": "HMC-2-076", "组别": "四组", "宅基地坐落": "北京市房山区佛子庄乡红煤厂村二区65号内2号", "产权人": "姜永华", "联系电话": "13521062088", "建成节点1982": "后", "新老宅": "新", "建成节点2021": "前", "宅基地面积": 445.6, "建筑面积": 240.55, "认定人口": 5, "是否确权": "是", "是否交房": "是", "是否签约": "是", "是否组卷": "", "是否过审": "", "是否拆房": "", "合同金额_（元）": null, "已支付金额_（元）": null, "本次支付": null, "层数": 1, "进度状态": 3, "Shape_Length": 87.699875954448913, "Shape_Area": 445.59863368854474 }, "geometry": { "type": "MultiPolygon", "coordinates": [ [ [ [ 115.840687006026911, 39.826081176937436, 178.341000000000349 ], [ 115.840873531862371, 39.826072426165894, 178.341000000000349 ], [ 115.840853775661145, 39.825822089672215, 178.341000000000349 ], [ 115.840667250501824, 39.825830840422107, 178.341000000000349 ], [ 115.840687006026911, 39.826081176937436, 178.341000000000349 ] ] ] ] } },
{ "type": "Feature", "properties": { "OBJECTID": 169, "编码": "HMC-2-078", "OBJECTID_1": 125, "序号": "125", "村": "红煤厂", "编号": "HMC-2-078", "组别": "三组", "宅基地坐落": "北京市房山区佛子庄乡红煤厂村二区36内2号南侧", "产权人": "陈国来", "联系电话": "13716628420", "建成节点1982": "后", "新老宅": "新", "建成节点2021": "前", "宅基地面积": 129.93, "建筑面积": 8.64, "认定人口": 2, "是否确权": "是", "是否交房": "是", "是否签约": "是", "是否组卷": "", "是否过审": "", "是否拆房": "", "合同金额_（元）": null, "已支付金额_（元）": null, "本次支付": null, "层数": 1, "进度状态": 3, "Shape_Length": 56.791030937600063, "Shape_Area": 135.82147587498972 }, "geometry": { "type": "MultiPolygon", "coordinates": [ [ [ [ 115.840916219811248, 39.823428123164945, 196.423599999994622 ], [ 115.841131394328443, 39.823438684541898, 196.423599999994622 ], [ 115.841138729751194, 39.823349815891156, 196.423599999994622 ], [ 115.841037910831773, 39.823344867656999, 196.423599999994622 ], [ 115.841034325318034, 39.823388299066146, 196.423599999994622 ], [ 115.84092133077219, 39.82338100998102, 196.423599999994622 ], [ 115.840916219811248, 39.823428123164945, 196.423599999994622 ] ] ] ] } },
{ "type": "Feature", "properties": { "OBJECTID": 170, "编码": "HMC-2-080", "OBJECTID_1": 126, "序号": "126", "村": "红煤厂", "编号": "HMC-2-080", "组别": "二组", "宅基地坐落": "北京市房山区佛子庄乡红煤厂村西仓7内1号东侧", "产权人": "朱贺", "联系电话": "", "建成节点1982": "后", "新老宅": "新", "建成节点2021": "前", "宅基地面积": 161.68, "建筑面积": 168.2, "认定人口": 2, "是否确权": "是", "是否交房": "是", "是否签约": "是", "是否组卷": "", "是否过审": "", "是否拆房": "是", "合同金额_（元）": null, "已支付金额_（元）": null, "本次支付": null, "层数": 1, "进度状态": 3, "Shape_Length": 51.299992361829581, "Shape_Area": 161.67478955165885 }, "geometry": { "type": "MultiPolygon", "coordinates": [ [ [ [ 115.840227861971314, 39.82284215430861, 185.545499999992899 ], [ 115.840372175564085, 39.822773831772153, 185.545499999992899 ], [ 115.84030404074278, 39.822688263322178, 185.545499999992899 ], [ 115.840159727250537, 39.822756586676931, 185.545499999992899 ], [ 115.840227861971314, 39.82284215430861, 185.545499999992899 ] ] ] ] } },
{ "type": "Feature", "properties": { "OBJECTID": 171, "编码": "HMC-2-081", "OBJECTID_1": 127, "序号": "127", "村": "红煤厂", "编号": "HMC-2-081", "组别": "三组", "宅基地坐落": "北京市房山区佛子庄乡红煤厂村二区51内2号西侧", "产权人": "朱熹旸", "联系电话": "", "建成节点1982": "后", "新老宅": "新", "建成节点2021": "前", "宅基地面积": 102.18, "建筑面积": 63.54, "认定人口": 1, "是否确权": "是", "是否交房": "是", "是否签约": "是", "是否组卷": "", "是否过审": "", "是否拆房": "是", "合同金额_（元）": null, "已支付金额_（元）": null, "本次支付": null, "层数": 1, "进度状态": 3, "Shape_Length": 41.434786431894345, "Shape_Area": 94.756651107658371 }, "geometry": { "type": "MultiPolygon", "coordinates": [ [ [ [ 115.840403465351088, 39.82357873586637, 189.437999999994645 ], [ 115.840546599962266, 39.823517889046109, 189.437999999994645 ], [ 115.840509888873711, 39.823463884278162, 189.437999999994645 ], [ 115.840368286056133, 39.823523036099978, 189.437999999994645 ], [ 115.840403465351088, 39.82357873586637, 189.437999999994645 ] ] ] ] } },
{ "type": "Feature", "properties": { "OBJECTID": 172, "编码": "HMC-3-001", "OBJECTID_1": 129, "序号": "129", "村": "红煤厂", "编号": "HMC-3-001", "组别": "二组", "宅基地坐落": "北京市房山区佛子庄乡红煤厂村一区22号东侧", "产权人": "李凤华", "联系电话": "13716641286", "建成节点1982": "后", "新老宅": "新", "建成节点2021": "前", "宅基地面积": 173.87, "建筑面积": 111.15, "认定人口": 3, "是否确权": "是", "是否交房": "是", "是否签约": "是", "是否组卷": "", "是否过审": "", "是否拆房": "", "合同金额_（元）": null, "已支付金额_（元）": null, "本次支付": null, "层数": 1, "进度状态": 3, "Shape_Length": 58.736042232317381, "Shape_Area": 173.86595560750484 }, "geometry": { "type": "MultiPolygon", "coordinates": [ [ [ [ 115.843654277144651, 39.821086377940873, 0.0 ], [ 115.84367406229218, 39.821082619647385, 0.0 ], [ 115.843858698402798, 39.821070878546607, 0.0 ], [ 115.843865967351292, 39.821070416021165, 0.0 ], [ 115.843857296281655, 39.82099188879593, 0.0 ], [ 115.843850029435444, 39.820992365751664, 0.0 ], [ 115.843716494809911, 39.821001131695347, 0.0 ], [ 115.843659191329152, 39.82100489430173, 0.0 ], [ 115.8436277725758, 39.82100695695631, 0.0 ], [ 115.843611526961396, 39.82100838010625, 0.0 ], [ 115.843615812905469, 39.821037460436649, 0.0 ], [ 115.843632058541758, 39.821036036385749, 0.0 ], [ 115.843634777752271, 39.821054487358246, 0.0 ], [ 115.843654277144651, 39.821086377940873, 0.0 ] ] ] ] } },
{ "type": "Feature", "properties": { "OBJECTID": 173, "编码": "HMC-3-002", "OBJECTID_1": 130, "序号": "130", "村": "红煤厂", "编号": "HMC-3-002", "组别": "二组", "宅基地坐落": "北京市房山区佛子庄乡红煤厂村一区28号", "产权人": "李焕杰", "联系电话": "13716472882", "建成节点1982": "后", "新老宅": "新", "建成节点2021": "前", "宅基地面积": 209.09, "建筑面积": 112.22, "认定人口": 3, "是否确权": "是", "是否交房": "是", "是否签约": "是", "是否组卷": "", "是否过审": "", "是否拆房": "", "合同金额_（元）": null, "已支付金额_（元）": null, "本次支付": null, "层数": 1, "进度状态": 3, "Shape_Length": 58.000108095545762, "Shape_Area": 209.08989516245964 }, "geometry": { "type": "MultiPolygon", "coordinates": [ [ [ [ 115.844042028558732, 39.820987983705734, 0.0 ], [ 115.844057315706266, 39.821099026878152, 0.0 ], [ 115.844061381115225, 39.82109869363056, 0.0 ], [ 115.844064585914211, 39.821121977625459, 0.0 ], [ 115.844223108530628, 39.821109000385015, 0.0 ], [ 115.844204615073195, 39.820974675027998, 0.0 ], [ 115.844042028558732, 39.820987983705734, 0.0 ] ] ] ] } },
{ "type": "Feature", "properties": { "OBJECTID": 174, "编码": "HMC-3-004", "OBJECTID_1": 131, "序号": "131", "村": "红煤厂", "编号": "HMC-3-004", "组别": "二组", "宅基地坐落": "北京市房山区佛子庄乡红煤厂村一区南28号东侧", "产权人": "姜淑敏", "联系电话": "13581736499", "建成节点1982": "后", "新老宅": "新", "建成节点2021": "前", "宅基地面积": 151.93, "建筑面积": 46.08, "认定人口": 1, "是否确权": "是", "是否交房": "是", "是否签约": "是", "是否组卷": "", "是否过审": "", "是否拆房": "", "合同金额_（元）": null, "已支付金额_（元）": null, "本次支付": null, "层数": 1, "进度状态": 3, "Shape_Length": 51.647926066324096, "Shape_Area": 151.93241192808495 }, "geometry": { "type": "MultiPolygon", "coordinates": [ [ [ [ 115.842509837476072, 39.820989998544313, 0.0 ], [ 115.842592995242285, 39.821008699091905, 0.0 ], [ 115.842661208760987, 39.820865215566869, 0.0 ], [ 115.842555946274885, 39.820835457442286, 0.0 ], [ 115.84253665040788, 39.820876043845857, 0.0 ], [ 115.842509837476072, 39.820989998544313, 0.0 ] ] ] ] } },
{ "type": "Feature", "properties": { "OBJECTID": 175, "编码": "HMC-3-005", "OBJECTID_1": 132, "序号": "132", "村": "红煤厂", "编号": "HMC-3-005", "组别": "四组", "宅基地坐落": "北京市房山区佛子庄乡红煤厂村二区12号", "产权人": "姜永金", "联系电话": "13511037325", "建成节点1982": "后", "新老宅": "新", "建成节点2021": "前", "宅基地面积": 192.14, "建筑面积": 111.3, "认定人口": 3, "是否确权": "是", "是否交房": "是", "是否签约": "是", "是否组卷": "", "是否过审": "", "是否拆房": "", "合同金额_（元）": null, "已支付金额_（元）": null, "本次支付": null, "层数": 1, "进度状态": 3, "Shape_Length": 55.504484487022879, "Shape_Area": 192.1389760667781 }, "geometry": { "type": "MultiPolygon", "coordinates": [ [ [ [ 115.842444814979515, 39.822670413734279, 183.714099999997416 ], [ 115.842593415734342, 39.822637121856111, 183.714099999997416 ], [ 115.842546166666295, 39.822511728979578, 183.714099999997416 ], [ 115.842397518086003, 39.822545032029751, 183.714099999997416 ], [ 115.842417444110154, 39.822597772682542, 183.714099999997416 ], [ 115.842444814979515, 39.822670413734279, 183.714099999997416 ] ] ] ] } },
{ "type": "Feature", "properties": { "OBJECTID": 176, "编码": "HMC-3-006", "OBJECTID_1": 133, "序号": "133", "村": "红煤厂", "编号": "HMC-3-006", "组别": "四组", "宅基地坐落": "北京市房山区佛子庄乡红煤厂村二区13号甲1", "产权人": "姜恒", "联系电话": "13716113289", "建成节点1982": "前", "新老宅": "老", "建成节点2021": "前", "宅基地面积": 260.41, "建筑面积": 149.99, "认定人口": 1, "是否确权": "是", "是否交房": "是", "是否签约": "是", "是否组卷": "", "是否过审": "", "是否拆房": "", "合同金额_（元）": null, "已支付金额_（元）": null, "本次支付": null, "层数": 1, "进度状态": 3, "Shape_Length": 64.366711812673302, "Shape_Area": 260.408846489594 }, "geometry": { "type": "MultiPolygon", "coordinates": [ [ [ [ 115.842444814979515, 39.822670413734279, 183.714099999997416 ], [ 115.842407365255099, 39.822571136420144, 183.714099999997416 ], [ 115.842392034256591, 39.822530495435522, 183.714099999997416 ], [ 115.842208684325371, 39.822571618743034, 183.714099999997416 ], [ 115.842223362148758, 39.822610530357899, 183.714099999997416 ], [ 115.842262709287084, 39.822695491590942, 183.714099999997416 ], [ 115.842269259088326, 39.822709633552329, 183.714099999997416 ], [ 115.842349498977072, 39.8226917924638, 183.714099999997416 ], [ 115.842433604509267, 39.822672928067078, 183.714099999997416 ], [ 115.842444814979515, 39.822670413734279, 183.714099999997416 ] ] ] ] } },
{ "type": "Feature", "properties": { "OBJECTID": 177, "编码": "HMC-3-007", "OBJECTID_1": 134, "序号": "134", "村": "红煤厂", "编号": "HMC-3-007", "组别": "二组", "宅基地坐落": "北京市房山区佛子庄乡红煤厂村二区24内2号", "产权人": "王元元", "联系电话": "13716096659", "建成节点1982": "前", "新老宅": "老", "建成节点2021": "前", "宅基地面积": 327.73, "建筑面积": 168.56, "认定人口": 4, "是否确权": "是", "是否交房": "是", "是否签约": "是", "是否组卷": "", "是否过审": "", "是否拆房": "", "合同金额_（元）": null, "已支付金额_（元）": null, "本次支付": null, "层数": 1, "进度状态": 3, "Shape_Length": 73.778475231680602, "Shape_Area": 327.72779433475807 }, "geometry": { "type": "MultiPolygon", "coordinates": [ [ [ [ 115.843880163602179, 39.821182977586034, 0.0 ], [ 115.844063749856105, 39.821168663449789, 0.0 ], [ 115.844060753803817, 39.821145816531711, 0.0 ], [ 115.844054458731193, 39.82114106340827, 0.0 ], [ 115.844036675293239, 39.820979999554787, 0.0 ], [ 115.843857473558828, 39.820991764476588, 0.0 ], [ 115.843870451001436, 39.821109309605802, 0.0 ], [ 115.843871838226818, 39.821121871690572, 0.0 ], [ 115.843875256580034, 39.821152828351245, 0.0 ], [ 115.843880163602179, 39.821182977586034, 0.0 ] ] ] ] } },
{ "type": "Feature", "properties": { "OBJECTID": 178, "编码": "HMC-3-008", "OBJECTID_1": 135, "序号": "135", "村": "红煤厂", "编号": "HMC-3-008", "组别": "二组", "宅基地坐落": "北京市房山区佛子庄乡红煤厂村一区12号", "产权人": "武庆利", "联系电话": "15601166469", "建成节点1982": "前", "新老宅": "老", "建成节点2021": "前", "宅基地面积": 233.79, "建筑面积": 132.84, "认定人口": 2, "是否确权": "是", "是否交房": "是", "是否签约": "是", "是否组卷": "", "是否过审": "", "是否拆房": "", "合同金额_（元）": null, "已支付金额_（元）": null, "本次支付": null, "层数": 1, "进度状态": 3, "Shape_Length": 61.200082971136204, "Shape_Area": 233.78809346811622 }, "geometry": { "type": "MultiPolygon", "coordinates": [ [ [ [ 115.843284382961741, 39.820958601116054, 0.0 ], [ 115.843298109977283, 39.821091008512617, 0.0 ], [ 115.843482627910134, 39.821079633382745, 0.0 ], [ 115.843468900526489, 39.820947226903172, 0.0 ], [ 115.843284382961741, 39.820958601116054, 0.0 ] ] ] ] } },
{ "type": "Feature", "properties": { "OBJECTID": 179, "编码": "HMC-3-009", "OBJECTID_1": 136, "序号": "136", "村": "红煤厂", "编号": "HMC-3-009", "组别": "二组", "宅基地坐落": "北京市房山区佛子庄乡红煤厂村一区15号西侧", "产权人": "武建平", "联系电话": "15910358949", "建成节点1982": "后", "新老宅": "新", "建成节点2021": "前", "宅基地面积": 110.03, "建筑面积": 70.52, "认定人口": 4, "是否确权": "是", "是否交房": "是", "是否签约": "是", "是否组卷": "", "是否过审": "", "是否拆房": "", "合同金额_（元）": null, "已支付金额_（元）": null, "本次支付": null, "层数": 1, "进度状态": 3, "Shape_Length": 46.09995676335167, "Shape_Area": 110.02474159260518 }, "geometry": { "type": "MultiPolygon", "coordinates": [ [ [ [ 115.843304392505388, 39.821151601443219, 0.0 ], [ 115.843494148463861, 39.821139903865493, 0.0 ], [ 115.843487865769603, 39.821079310942665, 0.0 ], [ 115.843298109977283, 39.821091008512617, 0.0 ], [ 115.843304392505388, 39.821151601443219, 0.0 ] ] ] ] } },
{ "type": "Feature", "properties": { "OBJECTID": 180, "编码": "HMC-3-010", "OBJECTID_1": 137, "序号": "137", "村": "红煤厂", "编号": "HMC-3-010", "组别": "四组", "宅基地坐落": "北京市房山区佛子庄乡红煤厂村二区72号", "产权人": "姜玉政", "联系电话": "13716838155", "建成节点1982": "前", "新老宅": "老", "建成节点2021": "前", "宅基地面积": 233.38, "建筑面积": 144.05, "认定人口": 6, "是否确权": "是", "是否交房": "是", "是否签约": "是", "是否组卷": "", "是否过审": "", "是否拆房": "", "合同金额_（元）": null, "已支付金额_（元）": null, "本次支付": null, "层数": 1, "进度状态": 3, "Shape_Length": 63.700436435024095, "Shape_Area": 233.37782854544227 }, "geometry": { "type": "MultiPolygon", "coordinates": [ [ [ [ 115.840230242881518, 39.825685665966589, 0.0 ], [ 115.840379155261957, 39.825685490246315, 0.0 ], [ 115.840398425918039, 39.825685466725609, 0.0 ], [ 115.840398339730939, 39.82564224091864, 0.0 ], [ 115.840398307408748, 39.825626031353472, 0.0 ], [ 115.840379036769264, 39.825626054874398, 0.0 ], [ 115.840378841666919, 39.825527895956867, 0.0 ], [ 115.840229932002529, 39.825528972318921, 0.0 ], [ 115.840230242881518, 39.825685665966589, 0.0 ] ] ] ] } },
{ "type": "Feature", "properties": { "OBJECTID": 181, "编码": "HMC-3-011", "OBJECTID_1": 138, "序号": "138", "村": "红煤厂", "编号": "HMC-3-011", "组别": "二组", "宅基地坐落": "北京市房山区佛子庄乡红煤厂村二区20号-1", "产权人": "李莉", "联系电话": "13521523692", "建成节点1982": "后", "新老宅": "新", "建成节点2021": "前", "宅基地面积": 185.32, "建筑面积": 74.11, "认定人口": 1, "是否确权": "是", "是否交房": "是", "是否签约": "是", "是否组卷": "是", "是否过审": "", "是否拆房": "", "合同金额_（元）": null, "已支付金额_（元）": null, "本次支付": null, "层数": 1, "进度状态": 4, "Shape_Length": 55.400103855421968, "Shape_Area": 185.32062550751886 }, "geometry": { "type": "MultiPolygon", "coordinates": [ [ [ [ 115.842273437278592, 39.820962435083345, 185.024999999994179 ], [ 115.842401444679425, 39.820987178844227, 185.024999999994179 ], [ 115.84244801607025, 39.820843922596694, 185.024999999994179 ], [ 115.842320008916076, 39.820819178890204, 185.024999999994179 ], [ 115.842273437278592, 39.820962435083345, 185.024999999994179 ] ] ] ] } },
{ "type": "Feature", "properties": { "OBJECTID": 182, "编码": "HMC-3-013", "OBJECTID_1": 139, "序号": "139", "村": "红煤厂", "编号": "HMC-3-013", "组别": "四组", "宅基地坐落": "北京市房山区佛子庄乡红煤厂村二区13甲2号", "产权人": "姜铮", "联系电话": "13426394426", "建成节点1982": "后", "新老宅": "新", "建成节点2021": "前", "宅基地面积": 184.4, "建筑面积": 68.83, "认定人口": 5, "是否确权": "是", "是否交房": "是", "是否签约": "是", "是否组卷": "", "是否过审": "", "是否拆房": "是", "合同金额_（元）": null, "已支付金额_（元）": null, "本次支付": null, "层数": 1, "进度状态": 3, "Shape_Length": 57.600056668078842, "Shape_Area": 184.40048035871541 }, "geometry": { "type": "MultiPolygon", "coordinates": [ [ [ [ 115.841349000143794, 39.821086540301458, 194.608800000001793 ], [ 115.841547825285502, 39.82112847169843, 194.608800000001793 ], [ 115.841568776473963, 39.821069405177262, 194.608800000001793 ], [ 115.841547935658895, 39.821065010116108, 194.608800000001793 ], [ 115.841561338348058, 39.82102722358497, 194.608800000001793 ], [ 115.841546693794044, 39.82102413594545, 194.608800000001793 ], [ 115.841545769402074, 39.821026741198082, 194.608800000001793 ], [ 115.841382429868801, 39.820992292559822, 194.608800000001793 ], [ 115.841349000143794, 39.821086540301458, 194.608800000001793 ] ] ] ] } },
{ "type": "Feature", "properties": { "OBJECTID": 183, "编码": "HMC-3-014", "OBJECTID_1": 140, "序号": "140", "村": "红煤厂", "编号": "HMC-3-014", "组别": "一组", "宅基地坐落": "北京市房山区佛子庄乡红煤厂村二区3号", "产权人": "姜永立", "联系电话": "15910961675", "建成节点1982": "后", "新老宅": "新", "建成节点2021": "前", "宅基地面积": 150.61, "建筑面积": 100.69, "认定人口": 4, "是否确权": "是", "是否交房": "是", "是否签约": "是", "是否组卷": "", "是否过审": "", "是否拆房": "", "合同金额_（元）": null, "已支付金额_（元）": null, "本次支付": null, "层数": 1, "进度状态": 3, "Shape_Length": 49.899917838845873, "Shape_Area": 150.60488989645617 }, "geometry": { "type": "MultiPolygon", "coordinates": [ [ [ [ 115.845740267959869, 39.822929373147666, 188.0 ], [ 115.845821355717874, 39.822926577447774, 188.0 ], [ 115.845821616826385, 39.822931075911761, 188.0 ], [ 115.845884619509917, 39.82292890358876, 188.0 ], [ 115.845883471988998, 39.822909111982362, 188.0 ], [ 115.845890472294997, 39.822908870010764, 188.0 ], [ 115.845885359998647, 39.822820705756293, 188.0 ], [ 115.845734268327462, 39.822825914834176, 188.0 ], [ 115.845740267959869, 39.822929373147666, 188.0 ] ] ] ] } },
{ "type": "Feature", "properties": { "OBJECTID": 184, "编码": "HMC-3-015", "OBJECTID_1": 141, "序号": "141", "村": "红煤厂", "编号": "HMC-3-015", "组别": "四组", "宅基地坐落": "北京市房山区佛子庄乡红煤厂村二区9号甲1", "产权人": "姜芳", "联系电话": "13370618831", "建成节点1982": "后", "新老宅": "新", "建成节点2021": "前", "宅基地面积": 138.97, "建筑面积": 0.0, "认定人口": 1, "是否确权": "是", "是否交房": "是", "是否签约": "是", "是否组卷": "", "是否过审": "", "是否拆房": "是", "合同金额_（元）": null, "已支付金额_（元）": null, "本次支付": null, "层数": 1, "进度状态": 3, "Shape_Length": 53.319900814519372, "Shape_Area": 138.96817639899314 }, "geometry": { "type": "MultiPolygon", "coordinates": [ [ [ [ 115.845246733808438, 39.821850067552184, 187.840800000005402 ], [ 115.845407100801296, 39.821862428733361, 187.840800000005402 ], [ 115.845412630285281, 39.821819775730397, 187.840800000005402 ], [ 115.845417974583853, 39.821778556463137, 187.840800000005402 ], [ 115.845257607798416, 39.821766194399146, 187.840800000005402 ], [ 115.845216934324512, 39.821763059781439, 187.840800000005402 ], [ 115.845213681974002, 39.82178814914483, 187.840800000005402 ], [ 115.845254354279632, 39.821791284652718, 187.840800000005402 ], [ 115.845252263405314, 39.82180741365773, 187.840800000005402 ], [ 115.845246733808438, 39.821850067552184, 187.840800000005402 ] ] ] ] } },
{ "type": "Feature", "properties": { "OBJECTID": 185, "编码": "HMC-3-016", "OBJECTID_1": 142, "序号": "142", "村": "红煤厂", "编号": "HMC-3-016", "组别": "二组", "宅基地坐落": "北京市房山区佛子庄乡红煤厂村一区17东侧", "产权人": "姜义", "联系电话": "13716523983", "建成节点1982": "后", "新老宅": "新", "建成节点2021": "前", "宅基地面积": 57.28, "建筑面积": 40.24, "认定人口": 4, "是否确权": "是", "是否交房": "是", "是否签约": "是", "是否组卷": "", "是否过审": "", "是否拆房": "", "合同金额_（元）": null, "已支付金额_（元）": null, "本次支付": null, "层数": 1, "进度状态": 3, "Shape_Length": 53.319943763067016, "Shape_Area": 138.96806228562698 }, "geometry": { "type": "MultiPolygon", "coordinates": [ [ [ [ 115.843297226353599, 39.821082479890585, 0.0 ], [ 115.843284382961741, 39.820958601116054, 0.0 ], [ 115.843228970395074, 39.820962016714006, 0.0 ], [ 115.843175419134241, 39.820965317554617, 0.0 ], [ 115.843188262315977, 39.821089197238713, 0.0 ], [ 115.843191519606648, 39.821120616128731, 0.0 ], [ 115.843224114833305, 39.821118606751682, 0.0 ], [ 115.843220858695574, 39.821087187874006, 0.0 ], [ 115.843241812504886, 39.821085896381994, 0.0 ], [ 115.843297226353599, 39.821082479890585, 0.0 ] ] ] ] } },
{ "type": "Feature", "properties": { "OBJECTID": 186, "编码": "HMC-3-018", "OBJECTID_1": 144, "序号": "144", "村": "红煤厂", "编号": "HMC-3-018", "组别": "二组", "宅基地坐落": "北京市房山区佛子庄乡红煤厂村一区10号内1号", "产权人": "李卫华", "联系电话": "13716737885（李静）", "建成节点1982": "后", "新老宅": "新", "建成节点2021": "前", "宅基地面积": 118.8, "建筑面积": 81.37, "认定人口": 4, "是否确权": "是", "是否交房": "是", "是否签约": "是", "是否组卷": "", "是否过审": "", "是否拆房": "", "合同金额_（元）": null, "已支付金额_（元）": null, "本次支付": null, "层数": 1, "进度状态": 3, "Shape_Length": 48.699995044614191, "Shape_Area": 118.79960694860246 }, "geometry": { "type": "MultiPolygon", "coordinates": [ [ [ [ 115.844237686460033, 39.821051871042826, 185.024999999994179 ], [ 115.84444260381899, 39.821039512400645, 185.024999999994179 ], [ 115.84443645709139, 39.82097891097208, 185.024999999994179 ], [ 115.844231538729019, 39.82099127049495, 185.024999999994179 ], [ 115.844237686460033, 39.821051871042826, 185.024999999994179 ] ] ] ] } },
{ "type": "Feature", "properties": { "OBJECTID": 187, "编码": "HMC-3-019", "OBJECTID_1": 145, "序号": "145", "村": "红煤厂", "编号": "HMC-3-019", "组别": "一组", "宅基地坐落": "北京市房山区佛子庄乡红煤厂村二区23内2号", "产权人": "姜海霞", "联系电话": "15601215059", "建成节点1982": "后", "新老宅": "新", "建成节点2021": "前", "宅基地面积": 66.1, "建筑面积": 36.19, "认定人口": 5, "是否确权": "是", "是否交房": "是", "是否签约": "是", "是否组卷": "", "是否过审": "", "是否拆房": "是", "合同金额_（元）": null, "已支付金额_（元）": null, "本次支付": null, "层数": 1, "进度状态": 3, "Shape_Length": 32.999999998137355, "Shape_Area": 66.102499992577364 }, "geometry": { "type": "MultiPolygon", "coordinates": [ [ [ [ 115.841775733844415, 39.821139042829266, 184.001699999993434 ], [ 115.841776300816989, 39.821105275454578, 184.001699999993434 ], [ 115.841663611697513, 39.82110415035698, 184.001699999993434 ], [ 115.841662575926165, 39.821165832092106, 184.001699999993434 ], [ 115.841775265146353, 39.821166957192162, 184.001699999993434 ], [ 115.841775733844415, 39.821139042829266, 184.001699999993434 ] ] ] ] } },
{ "type": "Feature", "properties": { "OBJECTID": 188, "编码": "HMC-3-020", "OBJECTID_1": 146, "序号": "146", "村": "红煤厂", "编号": "HMC-3-020", "组别": "二组", "宅基地坐落": "北京市房山区佛子庄乡红煤厂村一区17内2号", "产权人": "姜雨生", "联系电话": "18515181532", "建成节点1982": "后", "新老宅": "新", "建成节点2021": "前", "宅基地面积": 96.48, "建筑面积": 62.12, "认定人口": 1, "是否确权": "是", "是否交房": "是", "是否签约": "是", "是否组卷": "", "是否过审": "", "是否拆房": "是", "合同金额_（元）": null, "已支付金额_（元）": null, "本次支付": null, "层数": 1, "进度状态": 3, "Shape_Length": 41.200014102944849, "Shape_Area": 96.480120174303195 }, "geometry": { "type": "MultiPolygon", "coordinates": [ [ [ [ 115.848085358897364, 39.821361483546561, 183.426399999996647 ], [ 115.848233032702169, 39.821401424894205, 183.426399999996647 ], [ 115.848260863726352, 39.821340240553177, 183.426399999996647 ], [ 115.848113191202472, 39.821300299253792, 183.426399999996647 ], [ 115.848085358897364, 39.821361483546561, 183.426399999996647 ] ] ] ] } },
{ "type": "Feature", "properties": { "OBJECTID": 189, "编码": "HMC-3-022", "OBJECTID_1": 147, "序号": "147", "村": "红煤厂", "编号": "HMC-3-022", "组别": "二组", "宅基地坐落": "北京市房山区佛子庄乡红煤厂村一区18号北侧", "产权人": "姜少东", "联系电话": "13601243778", "建成节点1982": "后", "新老宅": "新", "建成节点2021": "后", "宅基地面积": 105.53, "建筑面积": 60.8, "认定人口": 5, "是否确权": "是", "是否交房": "是", "是否签约": "是", "是否组卷": "是", "是否过审": "", "是否拆房": "", "合同金额_（元）": null, "已支付金额_（元）": null, "本次支付": null, "层数": 1, "进度状态": 4, "Shape_Length": 41.10001971038416, "Shape_Area": 105.52510480956516 }, "geometry": { "type": "MultiPolygon", "coordinates": [ [ [ [ 115.844757308803466, 39.817396147661967, 0.0 ], [ 115.844705181706971, 39.817315060468758, 0.0 ], [ 115.844595321091646, 39.817357057238013, 0.0 ], [ 115.844647448073289, 39.8174381453791, 0.0 ], [ 115.844757308803466, 39.817396147661967, 0.0 ] ] ] ] } },
{ "type": "Feature", "properties": { "OBJECTID": 190, "编码": "HMC-3-023", "OBJECTID_1": 148, "序号": "148", "村": "红煤厂", "编号": "HMC-3-023", "组别": "二组", "宅基地坐落": "北京市房山区佛子庄乡红煤厂村一区18内2号", "产权人": "姜春振", "联系电话": "13311218609", "建成节点1982": "前", "新老宅": "老", "建成节点2021": "前", "宅基地面积": 252.16, "建筑面积": 142.5, "认定人口": 4, "是否确权": "是", "是否交房": "是", "是否签约": "是", "是否组卷": "", "是否过审": "", "是否拆房": "", "合同金额_（元）": null, "已支付金额_（元）": null, "本次支付": null, "层数": 1, "进度状态": 3, "Shape_Length": 64.986923424551193, "Shape_Area": 252.15811804255321 }, "geometry": { "type": "MultiPolygon", "coordinates": [ [ [ [ 115.842891064590091, 39.820943546340452, 185.024999999994179 ], [ 115.84266720409839, 39.821012714950911, 185.024999999994179 ], [ 115.842715939277639, 39.821106499359686, 185.024999999994179 ], [ 115.842757492695384, 39.821104145379763, 185.024999999994179 ], [ 115.842944494337388, 39.821046365610037, 185.024999999994179 ], [ 115.842891064590091, 39.820943546340452, 185.024999999994179 ] ] ] ] } },
{ "type": "Feature", "properties": { "OBJECTID": 191, "编码": "HMC-3-024", "OBJECTID_1": 149, "序号": "149", "村": "红煤厂", "编号": "HMC-3-024", "组别": "二组", "宅基地坐落": "北京市房山区佛子庄乡红煤厂村一区25号", "产权人": "陈平", "联系电话": "13051961793", "建成节点1982": "后", "新老宅": "新", "建成节点2021": "前", "宅基地面积": 172.96, "建筑面积": 96.22, "认定人口": 3, "是否确权": "是", "是否交房": "是", "是否签约": "是", "是否组卷": "", "是否过审": "", "是否拆房": "是", "合同金额_（元）": null, "已支付金额_（元）": null, "本次支付": null, "层数": 1, "进度状态": 3, "Shape_Length": 67.123707626364506, "Shape_Area": 172.95723414362976 }, "geometry": { "type": "MultiPolygon", "coordinates": [ [ [ [ 115.846108845414918, 39.821008077340117, 184.776700000002165 ], [ 115.846182905326003, 39.821045799471094, 184.776700000002165 ], [ 115.846195870540456, 39.821050285590317, 184.776700000002165 ], [ 115.846358777878123, 39.821106890888522, 184.776700000002165 ], [ 115.846406211708995, 39.821120608803604, 184.776700000002165 ], [ 115.84641304637087, 39.821106305658908, 184.776700000002165 ], [ 115.846432460177667, 39.821067963205714, 184.776700000002165 ], [ 115.846389967909516, 39.821055019434169, 184.776700000002165 ], [ 115.846215616631028, 39.820993689220231, 184.776700000002165 ], [ 115.846142590246657, 39.820968684160007, 184.776700000002165 ], [ 115.846131374904417, 39.820981778323372, 184.776700000002165 ], [ 115.846108845414918, 39.821008077340117, 184.776700000002165 ] ] ] ] } },
{ "type": "Feature", "properties": { "OBJECTID": 192, "编码": "HMC-3-025", "OBJECTID_1": 150, "序号": "150", "村": "红煤厂", "编号": "HMC-3-025", "组别": "一组", "宅基地坐落": "北京市房山区佛子庄乡红煤厂村二区54号", "产权人": "姜永品", "联系电话": "15321599859（之子）", "建成节点1982": "前", "新老宅": "老", "建成节点2021": "前", "宅基地面积": 155.07, "建筑面积": 75.39, "认定人口": 1, "是否确权": "是", "是否交房": "是", "是否签约": "是", "是否组卷": "", "是否过审": "", "是否拆房": "是", "合同金额_（元）": null, "已支付金额_（元）": null, "本次支付": null, "层数": 1, "进度状态": 3, "Shape_Length": 51.900148578108748, "Shape_Area": 155.06544744656591 }, "geometry": { "type": "MultiPolygon", "coordinates": [ [ [ [ 115.841919164037179, 39.824937982032623, 207.479099999996834 ], [ 115.841945571003279, 39.824803077930483, 207.479099999996834 ], [ 115.841888983489653, 39.824796492436413, 207.479099999996834 ], [ 115.84188645633499, 39.824809404524345, 207.479099999996834 ], [ 115.841818319799515, 39.824801475265645, 207.479099999996834 ], [ 115.841794440931253, 39.824923467261669, 207.479099999996834 ], [ 115.841919164037179, 39.824937982032623, 207.479099999996834 ] ] ] ] } },
{ "type": "Feature", "properties": { "OBJECTID": 193, "编码": "HMC-3-026", "OBJECTID_1": 151, "序号": "151", "村": "红煤厂", "编号": "HMC-3-026", "组别": "三组", "宅基地坐落": "北京市房山区佛子庄乡红煤厂村二区63号北侧", "产权人": "申国齐", "联系电话": "15910359516", "建成节点1982": "后", "新老宅": "新", "建成节点2021": "前", "宅基地面积": 148.68, "建筑面积": 31.36, "认定人口": 3, "是否确权": "是", "是否交房": "是", "是否签约": "是", "是否组卷": "", "是否过审": "", "是否拆房": "", "合同金额_（元）": null, "已支付金额_（元）": null, "本次支付": null, "层数": 1, "进度状态": 3, "Shape_Length": 38.333435741083221, "Shape_Area": 83.617498638374798 }, "geometry": { "type": "MultiPolygon", "coordinates": [ [ [ [ 115.841791430393116, 39.825773951509021, 0.0 ], [ 115.841743529014551, 39.825724370009851, 0.0 ], [ 115.841628527911865, 39.825793896511549, 0.0 ], [ 115.841675504550366, 39.825840673319668, 0.0 ], [ 115.841791430393116, 39.825773951509021, 0.0 ] ] ] ] } },
{ "type": "Feature", "properties": { "OBJECTID": 194, "编码": "HMC-3-029", "OBJECTID_1": 152, "序号": "152", "村": "红煤厂", "编号": "HMC-3-029", "组别": "二组", "宅基地坐落": "北京市房山区佛子庄乡红煤厂村二区25内2号南侧", "产权人": "燕淑芬", "联系电话": "13501156493", "建成节点1982": "前", "新老宅": "老", "建成节点2021": "后", "宅基地面积": 180.32, "建筑面积": 251.16, "认定人口": 1, "是否确权": "是", "是否交房": "是", "是否签约": "是", "是否组卷": "", "是否过审": "", "是否拆房": "", "合同金额_（元）": null, "已支付金额_（元）": null, "本次支付": null, "层数": 2, "进度状态": 3, "Shape_Length": 57.600090079589961, "Shape_Area": 180.32068867459955 }, "geometry": { "type": "MultiPolygon", "coordinates": [ [ [ [ 115.840940467760532, 39.823124983728761, 190.646599999992759 ], [ 115.841046582355858, 39.823111978075474, 190.646599999992759 ], [ 115.841010649920463, 39.822937661018528, 190.646599999992759 ], [ 115.8409045356033, 39.822950665742653, 190.646599999992759 ], [ 115.840940467760532, 39.823124983728761, 190.646599999992759 ] ] ] ] } },
{ "type": "Feature", "properties": { "OBJECTID": 195, "编码": "HMC-3-030", "OBJECTID_1": 153, "序号": "153", "村": "红煤厂", "编号": "HMC-3-030", "组别": "二组", "宅基地坐落": "北京市房山区佛子庄乡红煤厂村二区25内2号", "产权人": "马术春", "联系电话": "13716839613", "建成节点1982": "前", "新老宅": "老", "建成节点2021": "后", "宅基地面积": 130.46, "建筑面积": 183.68, "认定人口": 4, "是否确权": "是", "是否交房": "是", "是否签约": "是", "是否组卷": "", "是否过审": "", "是否拆房": "", "合同金额_（元）": null, "已支付金额_（元）": null, "本次支付": null, "层数": 2, "进度状态": 3, "Shape_Length": 45.700042875609398, "Shape_Area": 130.4552393739356 }, "geometry": { "type": "MultiPolygon", "coordinates": [ [ [ [ 115.840799833291229, 39.823230897528511, 192.977799999993294 ], [ 115.84093624116592, 39.823224704305595, 192.977799999993294 ], [ 115.840928587430184, 39.823124467861852, 192.977799999993294 ], [ 115.840792179753493, 39.823130661078707, 192.977799999993294 ], [ 115.840799833291229, 39.823230897528511, 192.977799999993294 ] ] ] ] } },
{ "type": "Feature", "properties": { "OBJECTID": 196, "编码": "HMC-3-032", "OBJECTID_1": 154, "序号": "154", "村": "红煤厂", "编号": "HMC-3-032", "组别": "四组", "宅基地坐落": "北京市房山区佛子庄乡红煤厂村大厂9号", "产权人": "姜少成", "联系电话": "15933560955", "建成节点1982": "前", "新老宅": "老", "建成节点2021": "前", "宅基地面积": 229.58, "建筑面积": 75.65, "认定人口": 2, "是否确权": "是", "是否交房": "是", "是否签约": "是", "是否组卷": "", "是否过审": "", "是否拆房": "", "合同金额_（元）": null, "已支付金额_（元）": null, "本次支付": null, "层数": 1, "进度状态": 3, "Shape_Length": 63.20000898025436, "Shape_Area": 229.58262299554733 }, "geometry": { "type": "MultiPolygon", "coordinates": [ [ [ [ 115.838605398064871, 39.832609982988927, 0.0 ], [ 115.838756009946962, 39.832555352894197, 0.0 ], [ 115.83868614468139, 39.832440865624271, 0.0 ], [ 115.838500654998768, 39.832508146759231, 0.0 ], [ 115.838544910720088, 39.832580669474623, 0.0 ], [ 115.838579789916963, 39.832568018346485, 0.0 ], [ 115.838605398064871, 39.832609982988927, 0.0 ] ] ] ] } },
{ "type": "Feature", "properties": { "OBJECTID": 197, "编码": "HMC-3-033", "OBJECTID_1": 155, "序号": "155", "村": "红煤厂", "编号": "HMC-3-033", "组别": "四组", "宅基地坐落": "北京市房山区佛子庄乡红煤厂村大厂9号西侧", "产权人": "姜兆利", "联系电话": "13521869058", "建成节点1982": "后", "新老宅": "新", "建成节点2021": "前", "宅基地面积": 282.94, "建筑面积": 159.67, "认定人口": 3, "是否确权": "是", "是否交房": "是", "是否签约": "是", "是否组卷": "", "是否过审": "", "是否拆房": "", "合同金额_（元）": null, "已支付金额_（元）": null, "本次支付": null, "层数": 1, "进度状态": 3, "Shape_Length": 67.300023419728632, "Shape_Area": 282.9401961454447 }, "geometry": { "type": "MultiPolygon", "coordinates": [ [ [ [ 115.838332042192917, 39.832652475574044, 0.0 ], [ 115.838514891486071, 39.832606954989913, 0.0 ], [ 115.838453155266777, 39.832459556839986, 0.0 ], [ 115.838270307496487, 39.832505077344685, 0.0 ], [ 115.838332042192917, 39.832652475574044, 0.0 ] ] ] ] } },
{ "type": "Feature", "properties": { "OBJECTID": 198, "编码": "HMC-3-034", "OBJECTID_1": 156, "序号": "156", "村": "红煤厂", "编号": "HMC-3-034", "组别": "四组", "宅基地坐落": "北京市房山区佛子庄乡红煤厂村二区72内2号", "产权人": "姜海龙", "联系电话": "13810000126", "建成节点1982": "前", "新老宅": "老", "建成节点2021": "前", "宅基地面积": 170.79, "建筑面积": 82.9, "认定人口": 1, "是否确权": "是", "是否交房": "是", "是否签约": "是", "是否组卷": "", "是否过审": "", "是否拆房": "", "合同金额_（元）": null, "已支付金额_（元）": null, "本次支付": null, "层数": 1, "进度状态": 3, "Shape_Length": 57.199988727943783, "Shape_Area": 170.78793555370694 }, "geometry": { "type": "MultiPolygon", "coordinates": [ [ [ [ 115.840011669112926, 39.82547838301835, 0.0 ], [ 115.839969493927796, 39.825565251460382, 0.0 ], [ 115.840043873027028, 39.825586720105008, 0.0 ], [ 115.840034864953353, 39.825605274535278, 0.0 ], [ 115.840107603989154, 39.825626269228657, 0.0 ], [ 115.840169636664783, 39.825498497068352, 0.0 ], [ 115.840096898910801, 39.82547750242675, 0.0 ], [ 115.840086048132861, 39.825499851635094, 0.0 ], [ 115.840011669112926, 39.82547838301835, 0.0 ] ] ] ] } },
{ "type": "Feature", "properties": { "OBJECTID": 199, "编码": "HMC-3-035", "OBJECTID_1": 157, "序号": "157", "村": "红煤厂", "编号": "HMC-3-035", "组别": "四组", "宅基地坐落": "北京市房山区佛子庄乡红煤厂村二区65号", "产权人": "姜玉德", "联系电话": "13488897854", "建成节点1982": "前", "新老宅": "老", "建成节点2021": "前", "宅基地面积": 177.56, "建筑面积": 54.3, "认定人口": 2, "是否确权": "是", "是否交房": "是", "是否签约": "是", "是否组卷": "是", "是否过审": "是", "是否拆房": "", "合同金额_（元）": 2773992.0, "已支付金额_（元）": 0, "本次支付": 487992.0, "层数": 1, "进度状态": 5, "Shape_Length": 53.300256826753291, "Shape_Area": 177.55671167985378 }, "geometry": { "type": "MultiPolygon", "coordinates": [ [ [ [ 115.840081150976644, 39.825429958291089, 176.367400000002817 ], [ 115.840234608929052, 39.825451237587686, 176.367400000002817 ], [ 115.840262103267179, 39.825333356455857, 176.367400000002817 ], [ 115.840108645566815, 39.825312077198888, 176.367400000002817 ], [ 115.840081150976644, 39.825429958291089, 176.367400000002817 ] ] ] ] } },
{ "type": "Feature", "properties": { "OBJECTID": 200, "编码": "HMC-3-036", "OBJECTID_1": 158, "序号": "158", "村": "红煤厂", "编号": "HMC-3-036", "组别": "四组", "宅基地坐落": "北京市房山区佛子庄乡红煤厂村黄台18号", "产权人": "姜玉连", "联系电话": "13311345360", "建成节点1982": "前", "新老宅": "老", "建成节点2021": "前", "宅基地面积": 40.74, "建筑面积": 18.04, "认定人口": null, "是否确权": "是", "是否交房": "是", "是否签约": "是", "是否组卷": "", "是否过审": "", "是否拆房": "", "合同金额_（元）": null, "已支付金额_（元）": null, "本次支付": null, "层数": 1, "进度状态": 3, "Shape_Length": 27.900080268538186, "Shape_Area": 40.735389900900955 }, "geometry": { "type": "MultiPolygon", "coordinates": [ [ [ [ 115.839972484537512, 39.82542036094268, 0.0 ], [ 115.840019431575769, 39.825427632710358, 0.0 ], [ 115.840029552997777, 39.825388785080904, 0.0 ], [ 115.840041003749647, 39.825390558505703, 0.0 ], [ 115.840051238877379, 39.825351268909117, 0.0 ], [ 115.839992841144138, 39.825342223726629, 0.0 ], [ 115.839972484537512, 39.82542036094268, 0.0 ] ] ] ] } },
{ "type": "Feature", "properties": { "OBJECTID": 201, "编码": "HMC-3-037", "OBJECTID_1": 159, "序号": "159", "村": "红煤厂", "编号": "HMC-3-037", "组别": "四组", "宅基地坐落": "北京市房山区佛子庄乡红煤厂村二区21号", "产权人": "李建坡", "联系电话": "15210067156", "建成节点1982": "后", "新老宅": "新", "建成节点2021": "前", "宅基地面积": 186.9, "建筑面积": 79.84, "认定人口": 1, "是否确权": "是", "是否交房": "是", "是否签约": "是", "是否组卷": "", "是否过审": "", "是否拆房": "", "合同金额_（元）": null, "已支付金额_（元）": null, "本次支付": null, "层数": 1, "进度状态": 3, "Shape_Length": 55.899808180682335, "Shape_Area": 186.89949254828014 }, "geometry": { "type": "MultiPolygon", "coordinates": [ [ [ [ 115.841058853907612, 39.8230798253663, 185.304000000003725 ], [ 115.841222643437192, 39.823052452717654, 185.304000000003725 ], [ 115.841203347517293, 39.822983805212907, 185.304000000003725 ], [ 115.841189080178822, 39.822986188922648, 185.304000000003725 ], [ 115.841175226557326, 39.822936903136657, 185.304000000003725 ], [ 115.841023421801623, 39.822962273604489, 185.304000000003725 ], [ 115.841043335797849, 39.823033122109372, 185.304000000003725 ], [ 115.841045618624094, 39.823032740539212, 185.304000000003725 ], [ 115.841058853907612, 39.8230798253663, 185.304000000003725 ] ] ] ] } },
{ "type": "Feature", "properties": { "OBJECTID": 202, "编码": "HMC-3-038", "OBJECTID_1": 160, "序号": "160", "村": "红煤厂", "编号": "HMC-3-038", "组别": "四组", "宅基地坐落": "北京市房山区佛子庄乡红煤厂村二区22号", "产权人": "李小雷", "联系电话": "13581607174", "建成节点1982": "后", "新老宅": "新", "建成节点2021": "前", "宅基地面积": 186.62, "建筑面积": 129.34, "认定人口": 1, "是否确权": "是", "是否交房": "是", "是否签约": "是", "是否组卷": "", "是否过审": "", "是否拆房": "", "合同金额_（元）": null, "已支付金额_（元）": null, "本次支付": null, "层数": 1, "进度状态": 3, "Shape_Length": 56.099888232269215, "Shape_Area": 186.6224726023828 }, "geometry": { "type": "MultiPolygon", "coordinates": [ [ [ [ 115.841222520011186, 39.823052012885825, 185.304000000003725 ], [ 115.841375466886817, 39.823026451827332, 185.304000000003725 ], [ 115.841342317084667, 39.822908518577684, 185.304000000003725 ], [ 115.841175103131818, 39.822936463304764, 185.304000000003725 ], [ 115.841189080178822, 39.822986188922648, 185.304000000003725 ], [ 115.841203347517293, 39.822983805212907, 185.304000000003725 ], [ 115.841222520011186, 39.823052012885825, 185.304000000003725 ] ] ] ] } },
{ "type": "Feature", "properties": { "OBJECTID": 203, "编码": "HMC-3-039", "OBJECTID_1": 161, "序号": "161", "村": "红煤厂", "编号": "HMC-3-039", "组别": "四组", "宅基地坐落": "北京市房山区佛子庄乡红煤厂村二区25内2号西侧", "产权人": "李久霞", "联系电话": "13831697213", "建成节点1982": "前", "新老宅": "老", "建成节点2021": "前", "宅基地面积": 81.51, "建筑面积": 30.13, "认定人口": 4, "是否确权": "是", "是否交房": "是", "是否签约": "是", "是否组卷": "是", "是否过审": "", "是否拆房": "", "合同金额_（元）": null, "已支付金额_（元）": null, "本次支付": null, "层数": 1, "进度状态": 4, "Shape_Length": 37.100025527075566, "Shape_Area": 81.510094077231003 }, "geometry": { "type": "MultiPolygon", "coordinates": [ [ [ [ 115.840778185865446, 39.823219697335063, 177.702099999994971 ], [ 115.840694786996423, 39.823222927525414, 177.702099999994971 ], [ 115.840701463911756, 39.823325459791647, 177.702099999994971 ], [ 115.840784864072504, 39.82332222961, 177.702099999994971 ], [ 115.840778185865446, 39.823219697335063, 177.702099999994971 ] ] ] ] } },
{ "type": "Feature", "properties": { "OBJECTID": 204, "编码": "HMC-3-040", "OBJECTID_1": 162, "序号": "162", "村": "红煤厂", "编号": "HMC-3-040", "组别": "四组", "宅基地坐落": "北京市房山区佛子庄乡红煤厂村西仓5号", "产权人": "李学财", "联系电话": "15910234137", "建成节点1982": "前", "新老宅": "老", "建成节点2021": "前", "宅基地面积": 110.82, "建筑面积": 64.49, "认定人口": 2, "是否确权": "是", "是否交房": "是", "是否签约": "是", "是否组卷": "是", "是否过审": "", "是否拆房": "", "合同金额_（元）": null, "已支付金额_（元）": null, "本次支付": null, "层数": 1, "进度状态": 4, "Shape_Length": 43.500043699581028, "Shape_Area": 110.82021377505275 }, "geometry": { "type": "MultiPolygon", "coordinates": [ [ [ [ 115.840739578786923, 39.823080648533576, 184.34780000000319 ], [ 115.840850047061977, 39.823072680468876, 184.34780000000319 ], [ 115.84084275802897, 39.823012606937603, 184.34780000000319 ], [ 115.840855549028234, 39.823011683725106, 184.34780000000319 ], [ 115.840850708963771, 39.822971784098669, 184.34780000000319 ], [ 115.840727449856075, 39.82298067536631, 184.34780000000319 ], [ 115.840739578786923, 39.823080648533576, 184.34780000000319 ] ] ] ] } },
{ "type": "Feature", "properties": { "OBJECTID": 205, "编码": "HMC-3-041", "OBJECTID_1": 163, "序号": "163", "村": "红煤厂", "编号": "HMC-3-041", "组别": "一组", "宅基地坐落": "北京市房山区佛子庄乡红煤厂村二区74号内1号", "产权人": "姜永明", "联系电话": "15811055171（之子）", "建成节点1982": "后", "新老宅": "新", "建成节点2021": "前", "宅基地面积": 80.19, "建筑面积": 68.51, "认定人口": 3, "是否确权": "是", "是否交房": "是", "是否签约": "是", "是否组卷": "", "是否过审": "", "是否拆房": "是", "合同金额_（元）": null, "已支付金额_（元）": null, "本次支付": null, "层数": 1, "进度状态": 3, "Shape_Length": 68.154740382494481, "Shape_Area": 140.47248173197505 }, "geometry": { "type": "MultiPolygon", "coordinates": [ [ [ [ 115.840021855374161, 39.825642291157401, 0.0 ], [ 115.839951551996819, 39.825639612225977, 0.0 ], [ 115.839947267893834, 39.825729944148243, 0.0 ], [ 115.840017724104172, 39.825731875300384, 0.0 ], [ 115.840021855374161, 39.825642291157401, 0.0 ] ] ], [ [ [ 115.839915201990962, 39.825787985049807, 0.0 ], [ 115.839796765707163, 39.825784071775097, 0.0 ], [ 115.839792815801857, 39.825855149213503, 0.0 ], [ 115.839911253390312, 39.8258590616052, 0.0 ], [ 115.839915201990962, 39.825787985049807, 0.0 ] ] ] ] } },
{ "type": "Feature", "properties": { "OBJECTID": 206, "编码": "HMC-3-042", "OBJECTID_1": 164, "序号": "164", "村": "红煤厂", "编号": "HMC-3-042", "组别": "三组", "宅基地坐落": "北京市房山区佛子庄乡红煤厂村二区45内2", "产权人": "朱桂华", "联系电话": "", "建成节点1982": "前", "新老宅": "老", "建成节点2021": "前", "宅基地面积": null, "建筑面积": null, "认定人口": null, "是否确权": "是", "是否交房": "是", "是否签约": "是", "是否组卷": "是", "是否过审": "是", "是否拆房": "", "合同金额_（元）": 851632.6, "已支付金额_（元）": 0, "本次支付": 3137632.6, "层数": 1, "进度状态": 5, "Shape_Length": 63.599890622278366, "Shape_Area": 250.32776602542697 }, "geometry": { "type": "MultiPolygon", "coordinates": [ [ [ [ 115.840778164617618, 39.823986818377996, 192.26589999999851 ], [ 115.840837113469007, 39.824097629920551, 192.26589999999851 ], [ 115.840848577676496, 39.824094004220022, 192.26589999999851 ], [ 115.840857441980546, 39.824110667685737, 192.26589999999851 ], [ 115.840881213517136, 39.824103149115771, 192.26589999999851 ], [ 115.841024266525338, 39.824057904032756, 192.26589999999851 ], [ 115.840956453093071, 39.823930429122697, 192.26589999999851 ], [ 115.840948349622252, 39.823932991463415, 192.26589999999851 ], [ 115.840778164617618, 39.823986818377996, 192.26589999999851 ] ] ] ] } },
{ "type": "Feature", "properties": { "OBJECTID": 207, "编码": "HMC-3-043", "OBJECTID_1": 165, "序号": "165", "村": "红煤厂", "编号": "HMC-3-043", "组别": "三组", "宅基地坐落": "北京市房山区佛子庄乡红煤厂村二区45号", "产权人": "姜少华", "联系电话": "13716839635", "建成节点1982": "前", "新老宅": "老", "建成节点2021": "前", "宅基地面积": 203.3, "建筑面积": 123.54, "认定人口": 2, "是否确权": "是", "是否交房": "是", "是否签约": "是", "是否组卷": "", "是否过审": "", "是否拆房": "", "合同金额_（元）": null, "已支付金额_（元）": null, "本次支付": null, "层数": 1, "进度状态": 3, "Shape_Length": 59.000167202420037, "Shape_Area": 203.2978908257322 }, "geometry": { "type": "MultiPolygon", "coordinates": [ [ [ [ 115.840913391092883, 39.824185089637012, 200.692899999994552 ], [ 115.84100502532192, 39.824328471428473, 200.692899999994552 ], [ 115.841099835544071, 39.824292447491281, 200.692899999994552 ], [ 115.841089767981387, 39.824276695153124, 200.692899999994552 ], [ 115.841118054437501, 39.824265947906596, 200.692899999994552 ], [ 115.841036486424969, 39.824138317632091, 200.692899999994552 ], [ 115.840913391092883, 39.824185089637012, 200.692899999994552 ] ] ] ] } },
{ "type": "Feature", "properties": { "OBJECTID": 208, "编码": "HMC-3-046", "OBJECTID_1": 167, "序号": "167", "村": "红煤厂", "编号": "HMC-3-046", "组别": "一组", "宅基地坐落": "北京市房山区佛子庄乡红煤厂村二区2号内1号西侧", "产权人": "陈广顺", "联系电话": "13716022899", "建成节点1982": "后", "新老宅": "新", "建成节点2021": "后", "宅基地面积": 161.29, "建筑面积": 161.29, "认定人口": 3, "是否确权": "是", "是否交房": "是", "是否签约": "是", "是否组卷": "", "是否过审": "", "是否拆房": "", "合同金额_（元）": null, "已支付金额_（元）": null, "本次支付": null, "层数": 1, "进度状态": 3, "Shape_Length": 51.359842499210053, "Shape_Area": 161.29251155569844 }, "geometry": { "type": "MultiPolygon", "coordinates": [ [ [ [ 115.84589516008171, 39.822964117994246, 189.542199999996228 ], [ 115.846022826985049, 39.822969860430256, 189.542199999996228 ], [ 115.846032844600543, 39.822837436490531, 189.542199999996228 ], [ 115.845905177940978, 39.822831694068945, 189.542199999996228 ], [ 115.84589516008171, 39.822964117994246, 189.542199999996228 ] ] ] ] } },
{ "type": "Feature", "properties": { "OBJECTID": 209, "编码": "HMC-3-047", "OBJECTID_1": 168, "序号": "168", "村": "红煤厂", "编号": "HMC-3-047", "组别": "一组", "宅基地坐落": "北京市房山区佛子庄乡红煤厂村西仓1内2号北侧", "产权人": "朱成明", "联系电话": "", "建成节点1982": "后", "新老宅": "新", "建成节点2021": "前", "宅基地面积": 104.65, "建筑面积": 32.5, "认定人口": null, "是否确权": "是", "是否交房": "是", "是否签约": "是", "是否组卷": "", "是否过审": "", "是否拆房": "", "合同金额_（元）": null, "已支付金额_（元）": null, "本次支付": null, "层数": 1, "进度状态": 3, "Shape_Length": 45.200023520111415, "Shape_Area": 104.65056269045941 }, "geometry": { "type": "MultiPolygon", "coordinates": [ [ [ [ 115.836235847629013, 39.821853385111801, 0.0 ], [ 115.836307284838213, 39.821918843232517, 0.0 ], [ 115.836319315842388, 39.821929867644236, 0.0 ], [ 115.836356914512464, 39.821964318602866, 0.0 ], [ 115.83641499702361, 39.821926629592959, 0.0 ], [ 115.836377398359332, 39.821892177752332, 0.0 ], [ 115.83629393010996, 39.821815696161408, 0.0 ], [ 115.836279185430755, 39.821825263179456, 0.0 ], [ 115.836235847629013, 39.821853385111801, 0.0 ] ] ] ] } },
{ "type": "Feature", "properties": { "OBJECTID": 210, "编码": "HMC-3-049", "OBJECTID_1": 169, "序号": "169", "村": "红煤厂", "编号": "HMC-3-049", "组别": "四组", "宅基地坐落": "北京市房山区佛子庄乡红煤厂村教军场26号", "产权人": "于德行", "联系电话": "13651065063", "建成节点1982": "后", "新老宅": "新", "建成节点2021": "前", "宅基地面积": 50.39, "建筑面积": 24.91, "认定人口": 5, "是否确权": "是", "是否交房": "是", "是否签约": "是", "是否组卷": "", "是否过审": "", "是否拆房": "是", "合同金额_（元）": null, "已支付金额_（元）": null, "本次支付": null, "层数": 1, "进度状态": 3, "Shape_Length": 32.47658813902548, "Shape_Area": 50.38596720700523 }, "geometry": { "type": "MultiPolygon", "coordinates": [ [ [ [ 115.830953942820756, 39.838022434259997, 0.0 ], [ 115.830965795050219, 39.838043010186794, 0.0 ], [ 115.831009567431153, 39.838028025643858, 0.0 ], [ 115.830954573282924, 39.837932553319163, 0.0 ], [ 115.830905054890891, 39.837949504505183, 0.0 ], [ 115.830929944048322, 39.837992714495897, 0.0 ], [ 115.830935690127362, 39.837990746931368, 0.0 ], [ 115.830953942820756, 39.838022434259997, 0.0 ] ] ] ] } },
{ "type": "Feature", "properties": { "OBJECTID": 211, "编码": "HMC-3-050", "OBJECTID_1": 170, "序号": "170", "村": "红煤厂", "编号": "HMC-3-050", "组别": "四组", "宅基地坐落": "北京市房山区佛子庄乡红煤厂村教军场22内1号", "产权人": "于建桥", "联系电话": "13716839592（之父）", "建成节点1982": "前", "新老宅": "老", "建成节点2021": "前", "宅基地面积": 223.86, "建筑面积": 80.7, "认定人口": 3, "是否确权": "是", "是否交房": "是", "是否签约": "是", "是否组卷": "是", "是否过审": "是", "是否拆房": "是", "合同金额_（元）": 635156.6, "已支付金额_（元）": 0, "本次支付": 635156.6, "层数": 1, "进度状态": 5, "Shape_Length": 61.001034810571632, "Shape_Area": 223.85985006615047 }, "geometry": { "type": "MultiPolygon", "coordinates": [ [ [ [ 115.830874843248438, 39.837950382518855, 0.0 ], [ 115.831064301158023, 39.837876018186599, 0.0 ], [ 115.831035680390968, 39.837832682359483, 0.0 ], [ 115.830998578649812, 39.837776507503207, 0.0 ], [ 115.83081018134942, 39.837852477402642, 0.0 ], [ 115.830855762788374, 39.837921492238408, 0.0 ], [ 115.830874843248438, 39.837950382518855, 0.0 ] ] ] ] } },
{ "type": "Feature", "properties": { "OBJECTID": 212, "编码": "HMC-3-051", "OBJECTID_1": 171, "序号": "171", "村": "红煤厂", "编号": "HMC-3-051", "组别": "四组", "宅基地坐落": "北京市房山区佛子庄乡红煤厂村教军场34号", "产权人": "李强荣", "联系电话": "13716979631\n13581896567（之妻）", "建成节点1982": "前", "新老宅": "老", "建成节点2021": "前", "宅基地面积": 272.83, "建筑面积": 25.35, "认定人口": 6, "是否确权": "是", "是否交房": "是", "是否签约": "是", "是否组卷": "", "是否过审": "", "是否拆房": "是", "合同金额_（元）": null, "已支付金额_（元）": null, "本次支付": null, "层数": 1, "进度状态": 3, "Shape_Length": 68.362430220943352, "Shape_Area": 272.82754214004166 }, "geometry": { "type": "MultiPolygon", "coordinates": [ [ [ [ 115.831133647339584, 39.837996912531395, 0.0 ], [ 115.831152097586056, 39.838018813978081, 0.0 ], [ 115.831096139597648, 39.838051349377004, 0.0 ], [ 115.831105900498699, 39.838062567580309, 0.0 ], [ 115.831183990202405, 39.838152310500142, 0.0 ], [ 115.831200258814292, 39.838171007197026, 0.0 ], [ 115.831343802947302, 39.838098620438394, 0.0 ], [ 115.831255782504996, 39.837987132281114, 0.0 ], [ 115.831226716893624, 39.8379503178476, 0.0 ], [ 115.831197325610731, 39.837965031293791, 0.0 ], [ 115.831139655214159, 39.837993904687011, 0.0 ], [ 115.831133647339584, 39.837996912531395, 0.0 ] ] ] ] } },
{ "type": "Feature", "properties": { "OBJECTID": 213, "编码": "HMC-3-053", "OBJECTID_1": 172, "序号": "172", "村": "红煤厂", "编号": "HMC-3-053", "组别": "四组", "宅基地坐落": "北京市房山区佛子庄乡红煤厂村黄台20号内3号", "产权人": "姜瑞花", "联系电话": "13717598218\n13716740568（之夫）", "建成节点1982": "前", "新老宅": "老", "建成节点2021": "前", "宅基地面积": 198.84, "建筑面积": 120.03, "认定人口": 3, "是否确权": "是", "是否交房": "是", "是否签约": "是", "是否组卷": "", "是否过审": "", "是否拆房": "是", "合同金额_（元）": null, "已支付金额_（元）": null, "本次支付": null, "层数": 1, "进度状态": 3, "Shape_Length": 59.200082546219448, "Shape_Area": 198.84024647584658 }, "geometry": { "type": "MultiPolygon", "coordinates": [ [ [ [ 115.832684457159289, 39.831291488650614, 0.0 ], [ 115.832726344328691, 39.831288639114561, 0.0 ], [ 115.832727986734511, 39.831302991586291, 0.0 ], [ 115.832902513654432, 39.831291120425789, 0.0 ], [ 115.832891221044122, 39.831192444709799, 0.0 ], [ 115.832674808422382, 39.831207165402212, 0.0 ], [ 115.832684457159289, 39.831291488650614, 0.0 ] ] ] ] } },
{ "type": "Feature", "properties": { "OBJECTID": 214, "编码": "HMC-3-054", "OBJECTID_1": 173, "序号": "173", "村": "红煤厂", "编号": "HMC-3-054", "组别": "二组", "宅基地坐落": "北京市房山区佛子庄乡红煤厂村一区8号甲1号", "产权人": "武庆忠", "联系电话": "15600147865", "建成节点1982": "后", "新老宅": "新", "建成节点2021": "前", "宅基地面积": 139.4, "建筑面积": 65.59, "认定人口": 3, "是否确权": "是", "是否交房": "是", "是否签约": "是", "是否组卷": "", "是否过审": "", "是否拆房": "", "合同金额_（元）": null, "已支付金额_（元）": null, "本次支付": null, "层数": 1, "进度状态": 3, "Shape_Length": 44.973118940450675, "Shape_Area": 129.25927102573462 }, "geometry": { "type": "MultiPolygon", "coordinates": [ [ [ [ 115.844288450327511, 39.821207343681181, 0.0 ], [ 115.844275287688177, 39.821306595353292, 0.0 ], [ 115.844330646544492, 39.821325570697084, 0.0 ], [ 115.844396884861766, 39.821329774434609, 0.0 ], [ 115.84440900009929, 39.82121627450212, 0.0 ], [ 115.844288450327511, 39.821207343681181, 0.0 ] ] ] ] } },
{ "type": "Feature", "properties": { "OBJECTID": 215, "编码": "HMC-3-055", "OBJECTID_1": 174, "序号": "174", "村": "红煤厂", "编号": "HMC-3-055", "组别": "二组", "宅基地坐落": "北京市房山区佛子庄乡红煤厂村一区6内2号", "产权人": "武学权", "联系电话": "13146794274", "建成节点1982": "后", "新老宅": "新", "建成节点2021": "前", "宅基地面积": 157.01, "建筑面积": 101.17, "认定人口": 3, "是否确权": "是", "是否交房": "是", "是否签约": "是", "是否组卷": "", "是否过审": "", "是否拆房": "", "合同金额_（元）": null, "已支付金额_（元）": null, "本次支付": null, "层数": 1, "进度状态": 3, "Shape_Length": 60.032321491483778, "Shape_Area": 155.30474668504615 }, "geometry": { "type": "MultiPolygon", "coordinates": [ [ [ [ 115.844288450327511, 39.821207343681181, 0.0 ], [ 115.844562844652117, 39.821223132164178, 0.0 ], [ 115.844564190666517, 39.821163204276566, 0.0 ], [ 115.844294399362028, 39.82114763366986, 0.0 ], [ 115.844288450327511, 39.821207343681181, 0.0 ] ] ] ] } },
{ "type": "Feature", "properties": { "OBJECTID": 216, "编码": "HMC-3-056", "OBJECTID_1": 175, "序号": "175", "村": "红煤厂", "编号": "HMC-3-056", "组别": "一组", "宅基地坐落": "北京市房山区佛子庄乡红煤厂村教军场23号", "产权人": "朱树花", "联系电话": "13522016907", "建成节点1982": "后", "新老宅": "新", "建成节点2021": "前", "宅基地面积": 169.37, "建筑面积": 83.13, "认定人口": 2, "是否确权": "是", "是否交房": "是", "是否签约": "是", "是否组卷": "", "是否过审": "", "是否拆房": "是", "合同金额_（元）": null, "已支付金额_（元）": null, "本次支付": null, "层数": 1, "进度状态": 3, "Shape_Length": 55.800133010344126, "Shape_Area": 169.36726649540242 }, "geometry": { "type": "MultiPolygon", "coordinates": [ [ [ [ 115.831009567431153, 39.838028025643858, 0.0 ], [ 115.831183588649438, 39.83796845209632, 0.0 ], [ 115.83115940971112, 39.837926477749114, 0.0 ], [ 115.831147558610596, 39.837905901852913, 0.0 ], [ 115.831094943984738, 39.837923913462468, 0.0 ], [ 115.831075980866473, 39.837890991463475, 0.0 ], [ 115.830954573282924, 39.837932553319163, 0.0 ], [ 115.831009567431153, 39.838028025643858, 0.0 ] ] ] ] } },
{ "type": "Feature", "properties": { "OBJECTID": 217, "编码": "HMC-3-057", "OBJECTID_1": 176, "序号": "176", "村": "红煤厂", "编号": "HMC-3-057", "组别": "一组", "宅基地坐落": "北京市房山区佛子庄乡红煤厂村二区74号内1号北侧", "产权人": "姜永敏", "联系电话": "", "建成节点1982": "后", "新老宅": "新", "建成节点2021": "前", "宅基地面积": 99.38, "建筑面积": 62.24, "认定人口": 1, "是否确权": "是", "是否交房": "是", "是否签约": "是", "是否组卷": "", "是否过审": "", "是否拆房": "", "合同金额_（元）": null, "已支付金额_（元）": null, "本次支付": null, "层数": 1, "进度状态": 3, "Shape_Length": 43.999904297246317, "Shape_Area": 99.376890502270157 }, "geometry": { "type": "MultiPolygon", "coordinates": [ [ [ [ 115.840022997168731, 39.825617530299397, 0.0 ], [ 115.840016502828064, 39.825758375348322, 0.0 ], [ 115.840090620344668, 39.825760407009447, 0.0 ], [ 115.840097113366511, 39.825619561942567, 0.0 ], [ 115.840022997168731, 39.825617530299397, 0.0 ] ] ] ] } },
{ "type": "Feature", "properties": { "OBJECTID": 218, "编码": "HMC-3-058", "OBJECTID_1": 177, "序号": "177", "村": "红煤厂", "编号": "HMC-3-058", "组别": "四组", "宅基地坐落": "北京市房山区佛子庄乡红煤厂村二区12号东侧", "产权人": "姜茜", "联系电话": "", "建成节点1982": "后", "新老宅": "新", "建成节点2021": "前", "宅基地面积": 224.69, "建筑面积": 10.56, "认定人口": 1, "是否确权": "是", "是否交房": "是", "是否签约": "是", "是否组卷": "", "是否过审": "", "是否拆房": "", "合同金额_（元）": null, "已支付金额_（元）": null, "本次支付": null, "层数": 1, "进度状态": 3, "Shape_Length": 62.57644214239501, "Shape_Area": 224.69020141031427 }, "geometry": { "type": "MultiPolygon", "coordinates": [ [ [ [ 115.842593415734342, 39.822637121856111, 183.714099999997416 ], [ 115.842608556003711, 39.822633729888452, 183.714099999997416 ], [ 115.842613601976311, 39.822632599524482, 183.714099999997416 ], [ 115.842795879288801, 39.822591078514158, 183.714099999997416 ], [ 115.842772070399121, 39.822517464386166, 183.714099999997416 ], [ 115.842563418786668, 39.822499417691375, 183.714099999997416 ], [ 115.842540790427719, 39.822497460948014, 183.714099999997416 ], [ 115.842588201583865, 39.822623285937595, 183.714099999997416 ], [ 115.842593415734342, 39.822637121856111, 183.714099999997416 ] ] ] ] } },
{ "type": "Feature", "properties": { "OBJECTID": 219, "编码": "HMC-3-059", "OBJECTID_1": 178, "序号": "178", "村": "红煤厂", "编号": "HMC-3-059", "组别": "二组", "宅基地坐落": "北京市房山区佛子庄乡红煤厂村一区10号内1号北侧", "产权人": "李金山", "联系电话": "", "建成节点1982": "后", "新老宅": "新", "建成节点2021": "前", "宅基地面积": 120.56, "建筑面积": 50.47, "认定人口": 1, "是否确权": "是", "是否交房": "是", "是否签约": "是", "是否组卷": "", "是否过审": "", "是否拆房": "", "合同金额_（元）": null, "已支付金额_（元）": null, "本次支付": null, "层数": 1, "进度状态": 3, "Shape_Length": 40.380590079175214, "Shape_Area": 89.937741043299468 }, "geometry": { "type": "MultiPolygon", "coordinates": [ [ [ [ 115.844258898242089, 39.820989311336163, 0.0 ], [ 115.84441592559655, 39.820980095210636, 0.0 ], [ 115.844410846848334, 39.820919467492999, 0.0 ], [ 115.844252423171696, 39.820930750121228, 0.0 ], [ 115.844258898242089, 39.820989311336163, 0.0 ] ] ] ] } },
{ "type": "Feature", "properties": { "OBJECTID": 220, "编码": "HMC-3-060", "OBJECTID_1": 179, "序号": "179", "村": "红煤厂", "编号": "HMC-3-060", "组别": "三组", "宅基地坐落": "北京市房山区佛子庄乡红煤厂村二区63号", "产权人": "申秀文", "联系电话": "", "建成节点1982": "后", "新老宅": "新", "建成节点2021": "前", "宅基地面积": 120.75, "建筑面积": 31.61, "认定人口": 2, "是否确权": "是", "是否交房": "是", "是否签约": "是", "是否组卷": "", "是否过审": "", "是否拆房": "", "合同金额_（元）": null, "已支付金额_（元）": null, "本次支付": null, "层数": 1, "进度状态": 3, "Shape_Length": 39.007103803553449, "Shape_Area": 87.109786643295365 }, "geometry": { "type": "MultiPolygon", "coordinates": [ [ [ [ 115.841628527911865, 39.825793896511549, 0.0 ], [ 115.841743529014551, 39.825724370009851, 0.0 ], [ 115.841695626521542, 39.825674789380308, 0.0 ], [ 115.841578551771093, 39.82574413211757, 0.0 ], [ 115.841628527911865, 39.825793896511549, 0.0 ] ] ] ] } },
{ "type": "Feature", "properties": { "OBJECTID": 221, "编码": "HMC-3-061", "OBJECTID_1": 180, "序号": "180", "村": "红煤厂", "编号": "HMC-3-061", "组别": "二组", "宅基地坐落": "北京市房山区佛子庄乡红煤厂村一区22号东侧前", "产权人": "陈洁", "联系电话": "", "建成节点1982": "后", "新老宅": "新", "建成节点2021": "前", "宅基地面积": 117.63, "建筑面积": 27.31, "认定人口": 1, "是否确权": "是", "是否交房": "是", "是否签约": "是", "是否组卷": "是", "是否过审": "", "是否拆房": "", "合同金额_（元）": null, "已支付金额_（元）": null, "本次支付": null, "层数": 1, "进度状态": 4, "Shape_Length": 54.640280005526293, "Shape_Area": 117.625822157028 }, "geometry": { "type": "MultiPolygon", "coordinates": [ [ [ [ 115.843801436103377, 39.821162628957175, 0.0 ], [ 115.843875342926992, 39.82115792038487, 0.0 ], [ 115.843871208108666, 39.821119328380362, 0.0 ], [ 115.843865969460424, 39.821070429551405, 0.0 ], [ 115.843674025047264, 39.821082263533469, 0.0 ], [ 115.843654228856167, 39.821085983891059, 0.0 ], [ 115.843664529107414, 39.821101659080675, 0.0 ], [ 115.843679280172779, 39.82109888721709, 0.0 ], [ 115.843691869182763, 39.821130753946704, 0.0 ], [ 115.843797301326234, 39.821124036950664, 0.0 ], [ 115.843801436103377, 39.821162628957175, 0.0 ] ] ] ] } },
{ "type": "Feature", "properties": { "OBJECTID": 222, "编码": "HMC-3-062", "OBJECTID_1": 181, "序号": "181", "村": "红煤厂", "编号": "HMC-3-062", "组别": "一组", "宅基地坐落": "北京市房山区佛子庄乡红煤厂村西仓9号内2号西侧", "产权人": "陈正好", "联系电话": "", "建成节点1982": "后", "新老宅": "新", "建成节点2021": "后", "宅基地面积": 119.17, "建筑面积": 47.0, "认定人口": null, "是否确权": "是", "是否交房": "是", "是否签约": "是", "是否组卷": "", "是否过审": "", "是否拆房": "", "合同金额_（元）": null, "已支付金额_（元）": null, "本次支付": null, "层数": 1, "进度状态": 3, "Shape_Length": 49.756078708636693, "Shape_Area": 119.16894734810101 }, "geometry": { "type": "MultiPolygon", "coordinates": [ [ [ [ 115.836377550688283, 39.821892079312079, 0.0 ], [ 115.83641499702361, 39.821926629592959, 0.0 ], [ 115.836466076419029, 39.82189371201639, 0.0 ], [ 115.83646697147978, 39.821893134693731, 0.0 ], [ 115.836500128528584, 39.821871767845025, 0.0 ], [ 115.836462683331661, 39.821837218503312, 0.0 ], [ 115.836448695684069, 39.821824203038261, 0.0 ], [ 115.83643787241374, 39.821831177812882, 0.0 ], [ 115.836429461934117, 39.821823418426959, 0.0 ], [ 115.836411539662521, 39.821834967363984, 0.0 ], [ 115.836336447461719, 39.821788295474619, 0.0 ], [ 115.83629442017407, 39.821815378657448, 0.0 ], [ 115.836377550688283, 39.821892079312079, 0.0 ] ] ] ] } },
{ "type": "Feature", "properties": { "OBJECTID": 223, "编码": "HMC-4-001", "OBJECTID_1": 182, "序号": "182", "村": "红煤厂", "编号": "HMC-4-001", "组别": "四组", "宅基地坐落": "北京市房山区佛子庄乡红煤厂村二区9号甲1号", "产权人": "姜永宝", "联系电话": "13716009655\n13261033545（之妻）", "建成节点1982": "后", "新老宅": "新", "建成节点2021": "前", "宅基地面积": 153.64, "建筑面积": 89.43, "认定人口": 8, "是否确权": "是", "是否交房": "是", "是否签约": "是", "是否组卷": "", "是否过审": "", "是否拆房": "", "合同金额_（元）": null, "已支付金额_（元）": null, "本次支付": null, "层数": 1, "进度状态": 3, "Shape_Length": 49.599814260433462, "Shape_Area": 153.63634335387945 }, "geometry": { "type": "MultiPolygon", "coordinates": [ [ [ [ 115.844096207868191, 39.822833606622105, 182.142099999997299 ], [ 115.844234521922559, 39.822853628273442, 182.142099999997299 ], [ 115.84426199635152, 39.822740781243205, 182.142099999997299 ], [ 115.844123682513896, 39.82272075962738, 182.142099999997299 ], [ 115.844096207868191, 39.822833606622105, 182.142099999997299 ] ] ] ] } },
{ "type": "Feature", "properties": { "OBJECTID": 224, "编码": "HMC-4-002", "OBJECTID_1": 183, "序号": "183", "村": "红煤厂", "编号": "HMC-4-002", "组别": "一组", "宅基地坐落": "北京市房山区佛子庄乡红煤厂村二区74号西侧", "产权人": "陈一铭", "联系电话": "13716822747", "建成节点1982": "后", "新老宅": "新", "建成节点2021": "前", "宅基地面积": 174.0, "建筑面积": 124.08, "认定人口": 1, "是否确权": "是", "是否交房": "是", "是否签约": "是", "是否组卷": "", "是否过审": "", "是否拆房": "是", "合同金额_（元）": null, "已支付金额_（元）": null, "本次支付": null, "层数": 1, "进度状态": 3, "Shape_Length": 52.999990560842924, "Shape_Area": 173.99989060746501 }, "geometry": { "type": "MultiPolygon", "coordinates": [ [ [ [ 115.840629631850632, 39.822627112894779, 185.456999999994878 ], [ 115.840789289852864, 39.822583583976495, 185.456999999994878 ], [ 115.840742570531077, 39.822481700797034, 185.456999999994878 ], [ 115.84058291390609, 39.822525229666411, 185.456999999994878 ], [ 115.840629631850632, 39.822627112894779, 185.456999999994878 ] ] ] ] } },
{ "type": "Feature", "properties": { "OBJECTID": 225, "编码": "HMC-4-003", "OBJECTID_1": 184, "序号": "184", "村": "红煤厂", "编号": "HMC-4-003", "组别": "一组", "宅基地坐落": "北京市房山区佛子庄乡红煤厂村西仓11号东侧", "产权人": "陈正川", "联系电话": "13810767736\n13264256729", "建成节点1982": "前", "新老宅": "老", "建成节点2021": "前", "宅基地面积": 232.4, "建筑面积": 0.0, "认定人口": 3, "是否确权": "是", "是否交房": "是", "是否签约": "是", "是否组卷": "", "是否过审": "", "是否拆房": "是", "合同金额_（元）": null, "已支付金额_（元）": null, "本次支付": null, "层数": 1, "进度状态": 3, "Shape_Length": 60.999850323055085, "Shape_Area": 232.40136156212674 }, "geometry": { "type": "MultiPolygon", "coordinates": [ [ [ [ 115.836686424324512, 39.821550579576261, 0.0 ], [ 115.836837632680371, 39.821471410620312, 0.0 ], [ 115.836740210916787, 39.821360775056419, 0.0 ], [ 115.836589002713026, 39.821439942988334, 0.0 ], [ 115.836686424324512, 39.821550579576261, 0.0 ] ] ] ] } },
{ "type": "Feature", "properties": { "OBJECTID": 226, "编码": "HMC-4-004", "OBJECTID_1": 185, "序号": "185", "村": "红煤厂", "编号": "HMC-4-004", "组别": "四组", "宅基地坐落": "北京市房山区佛子庄乡红煤厂村二区60号", "产权人": "姜坤", "联系电话": "15801366249", "建成节点1982": "后", "新老宅": "新", "建成节点2021": "前", "宅基地面积": 317.13, "建筑面积": 127.32, "认定人口": 3, "是否确权": "是", "是否交房": "是", "是否签约": "是", "是否组卷": "", "是否过审": "", "是否拆房": "", "合同金额_（元）": null, "已支付金额_（元）": null, "本次支付": null, "层数": 1, "进度状态": 3, "Shape_Length": 72.499963133855061, "Shape_Area": 317.12473446771349 }, "geometry": { "type": "MultiPolygon", "coordinates": [ [ [ [ 115.839822470535992, 39.824291868058715, 0.0 ], [ 115.839950752517922, 39.824458310830131, 0.0 ], [ 115.840098842891564, 39.824390450623383, 0.0 ], [ 115.83997056065536, 39.82422400891096, 0.0 ], [ 115.839822470535992, 39.824291868058715, 0.0 ] ] ] ] } },
{ "type": "Feature", "properties": { "OBJECTID": 227, "编码": "HMC-4-005", "OBJECTID_1": 186, "序号": "186", "村": "红煤厂", "编号": "HMC-4-005", "组别": "四组", "宅基地坐落": "北京市房山区佛子庄乡红煤厂村二区47内2号西侧", "产权人": "李腾龙", "联系电话": "13910572344", "建成节点1982": "后", "新老宅": "新", "建成节点2021": "后", "宅基地面积": 243.04, "建筑面积": 106.4, "认定人口": 1, "是否确权": "是", "是否交房": "是", "是否签约": "是", "是否组卷": "是", "是否过审": "是", "是否拆房": "", "合同金额_（元）": 2200972.0, "已支付金额_（元）": 0, "本次支付": 450972.0, "层数": 1, "进度状态": 5, "Shape_Length": 65.800419892898304, "Shape_Area": 243.04224056616164 }, "geometry": { "type": "MultiPolygon", "coordinates": [ [ [ [ 115.840121643035559, 39.824131763850858, 176.367400000002817 ], [ 115.840048911084068, 39.824047933419074, 176.367400000002817 ], [ 115.839838262179939, 39.824156592597532, 176.367400000002817 ], [ 115.839910995136222, 39.824240424069963, 176.367400000002817 ], [ 115.840121643035559, 39.824131763850858, 176.367400000002817 ] ] ] ] } },
{ "type": "Feature", "properties": { "OBJECTID": 228, "编码": "HMC-4-006", "OBJECTID_1": 187, "序号": "187", "村": "红煤厂", "编号": "HMC-4-006", "组别": "四组", "宅基地坐落": "北京市房山区佛子庄乡红煤厂村二区72号内1号", "产权人": "姜玉付", "联系电话": "15711458834", "建成节点1982": "前", "新老宅": "老", "建成节点2021": "前", "宅基地面积": 230.76, "建筑面积": 79.77, "认定人口": 1, "是否确权": "是", "是否交房": "是", "是否签约": "是", "是否组卷": "", "是否过审": "", "是否拆房": "是", "合同金额_（元）": null, "已支付金额_（元）": null, "本次支付": null, "层数": 1, "进度状态": 3, "Shape_Length": 61.300027184470984, "Shape_Area": 230.75513694058287 }, "geometry": { "type": "MultiPolygon", "coordinates": [ [ [ [ 115.839886113391131, 39.824543238057771, 176.367400000002817 ], [ 115.840033359972352, 39.824650576680341, 176.367400000002817 ], [ 115.840140072552714, 39.824563542904578, 176.367400000002817 ], [ 115.839992825984652, 39.824456204416201, 176.367400000002817 ], [ 115.839886113391131, 39.824543238057771, 176.367400000002817 ] ] ] ] } },
{ "type": "Feature", "properties": { "OBJECTID": 229, "编码": "HMC-4-007", "OBJECTID_1": 188, "序号": "188", "村": "红煤厂", "编号": "HMC-4-007", "组别": "四组", "宅基地坐落": "北京市房山区佛子庄乡红煤厂村二区66内2号", "产权人": "张利", "联系电话": "13520542497\n18210250726（之妻）", "建成节点1982": "后", "新老宅": "新", "建成节点2021": "前", "宅基地面积": 330.32, "建筑面积": 179.73, "认定人口": 3, "是否确权": "是", "是否交房": "是", "是否签约": "是", "是否组卷": "是", "是否过审": "", "是否拆房": "", "合同金额_（元）": null, "已支付金额_（元）": null, "本次支付": null, "层数": 1, "进度状态": 4, "Shape_Length": 72.699970990177349, "Shape_Area": 330.31473224455556 }, "geometry": { "type": "MultiPolygon", "coordinates": [ [ [ [ 115.840649538263193, 39.825564158364166, 0.0 ], [ 115.840717321502225, 39.82572044915235, 0.0 ], [ 115.84091725169155, 39.825668898206239, 0.0 ], [ 115.840849466891726, 39.825512606615575, 0.0 ], [ 115.840649538263193, 39.825564158364166, 0.0 ] ] ] ] } },
{ "type": "Feature", "properties": { "OBJECTID": 230, "编码": "HMC-4-008", "OBJECTID_1": 189, "序号": "189", "村": "红煤厂", "编号": "HMC-4-008", "组别": "四组", "宅基地坐落": "北京市房山区佛子庄乡红煤厂村二区66号", "产权人": "张喜贵", "联系电话": "13716822735\n13718270850（之妻）", "建成节点1982": "前", "新老宅": "老", "建成节点2021": "前", "宅基地面积": 213.73, "建筑面积": 201.62, "认定人口": 2, "是否确权": "是", "是否交房": "是", "是否签约": "是", "是否组卷": "是", "是否过审": "", "是否拆房": "", "合同金额_（元）": null, "已支付金额_（元）": null, "本次支付": null, "层数": 1, "进度状态": 4, "Shape_Length": 60.099934474390245, "Shape_Area": 213.7297866257949 }, "geometry": { "type": "MultiPolygon", "coordinates": [ [ [ [ 115.84053256900242, 39.825433466724675, 176.367400000002817 ], [ 115.840547011210745, 39.825447045520143, 176.367400000002817 ], [ 115.840571821697836, 39.825470372608009, 176.367400000002817 ], [ 115.840658844264397, 39.825552190347622, 176.367400000002817 ], [ 115.840710319997854, 39.82551964053431, 176.367400000002817 ], [ 115.840738766113091, 39.825501652246295, 176.367400000002817 ], [ 115.84076901966499, 39.825482522021851, 176.367400000002817 ], [ 115.840681998219466, 39.825400704374978, 176.367400000002817 ], [ 115.840654224525522, 39.825374591819951, 176.367400000002817 ], [ 115.8406368202712, 39.825358228459017, 176.367400000002817 ], [ 115.840609276178995, 39.825375644841586, 176.367400000002817 ], [ 115.840572249633581, 39.825399058198037, 176.367400000002817 ], [ 115.840578174848318, 39.825404629170954, 176.367400000002817 ], [ 115.84053256900242, 39.825433466724675, 176.367400000002817 ] ] ] ] } },
{ "type": "Feature", "properties": { "OBJECTID": 231, "编码": "HMC-4-009", "OBJECTID_1": 190, "序号": "190", "村": "红煤厂", "编号": "HMC-4-009", "组别": "四组", "宅基地坐落": "北京市房山区佛子庄乡红煤厂村二区56号内3号", "产权人": "姜书金", "联系电话": "13611087628\n13701286295（之夫）", "建成节点1982": "前", "新老宅": "老", "建成节点2021": "后", "宅基地面积": 166.41, "建筑面积": 115.46, "认定人口": 3, "是否确权": "是", "是否交房": "是", "是否签约": "是", "是否组卷": "", "是否过审": "", "是否拆房": "", "合同金额_（元）": null, "已支付金额_（元）": null, "本次支付": null, "层数": 1, "进度状态": 3, "Shape_Length": 51.59994363732892, "Shape_Area": 166.40963646097006 }, "geometry": { "type": "MultiPolygon", "coordinates": [ [ [ [ 115.841616958448085, 39.822638230175208, 186.060400000002119 ], [ 115.841764477371072, 39.822614642581442, 186.060400000002119 ], [ 115.8417338871254, 39.822500893122751, 186.060400000002119 ], [ 115.841586368437135, 39.822524480681437, 186.060400000002119 ], [ 115.841616958448085, 39.822638230175208, 186.060400000002119 ] ] ] ] } },
{ "type": "Feature", "properties": { "OBJECTID": 232, "编码": "HMC-4-010", "OBJECTID_1": 191, "序号": "191", "村": "红煤厂", "编号": "HMC-4-010", "组别": "三组", "宅基地坐落": "北京市房山区佛子庄乡红煤厂村二区43内1号", "产权人": "王春英", "联系电话": "15810231206", "建成节点1982": "后", "新老宅": "新", "建成节点2021": "前", "宅基地面积": 219.99, "建筑面积": 29.53, "认定人口": 1, "是否确权": "是", "是否交房": "是", "是否签约": "是", "是否组卷": "是", "是否过审": "", "是否拆房": "", "合同金额_（元）": null, "已支付金额_（元）": null, "本次支付": null, "层数": 1, "进度状态": 4, "Shape_Length": 61.979992978003359, "Shape_Area": 219.99197505881133 }, "geometry": { "type": "MultiPolygon", "coordinates": [ [ [ [ 115.841329685655026, 39.823908412483512, 197.216799999994691 ], [ 115.84125588332715, 39.823921733031291, 197.216799999994691 ], [ 115.841247765292337, 39.823894989273725, 197.216799999994691 ], [ 115.841151674059049, 39.823912332617624, 197.216799999994691 ], [ 115.841194397033561, 39.824053065100991, 197.216799999994691 ], [ 115.841364289730336, 39.82402240114525, 197.216799999994691 ], [ 115.841329685655026, 39.823908412483512, 197.216799999994691 ] ] ] ] } },
{ "type": "Feature", "properties": { "OBJECTID": 233, "编码": "HMC-4-011", "OBJECTID_1": 192, "序号": "192", "村": "红煤厂", "编号": "HMC-4-011", "组别": "三组", "宅基地坐落": "北京市房山区佛子庄乡红煤厂村二区40号", "产权人": "朱仕民", "联系电话": "13911838772", "建成节点1982": "后", "新老宅": "新", "建成节点2021": "前", "宅基地面积": 393.5, "建筑面积": 587.73, "认定人口": 2, "是否确权": "是", "是否交房": "是", "是否签约": "是", "是否组卷": "", "是否过审": "", "是否拆房": "", "合同金额_（元）": null, "已支付金额_（元）": null, "本次支付": null, "层数": 2, "进度状态": 3, "Shape_Length": 83.555663007420833, "Shape_Area": 423.12291826454049 }, "geometry": { "type": "MultiPolygon", "coordinates": [ [ [ [ 115.840936168454292, 39.823886076570318, 194.289099999994505 ], [ 115.840948811151975, 39.823893015125883, 194.289099999994505 ], [ 115.840965245581742, 39.823893814252308, 194.289099999994505 ], [ 115.841117536474954, 39.823839911880363, 194.289099999994505 ], [ 115.841143304638038, 39.823823805134005, 194.289099999994505 ], [ 115.841153252971623, 39.823812586495706, 194.289099999994505 ], [ 115.841074435063234, 39.823675283199762, 194.289099999994505 ], [ 115.841058098753734, 39.823681368460839, 194.289099999994505 ], [ 115.840970304836176, 39.82369588736421, 194.289099999994505 ], [ 115.840879083757372, 39.823710974469179, 194.289099999994505 ], [ 115.840817363251148, 39.823721105697913, 194.289099999994505 ], [ 115.840867426117569, 39.823809030301703, 194.289099999994505 ], [ 115.840888279168652, 39.823801970701744, 194.289099999994505 ], [ 115.840936168454292, 39.823886076570318, 194.289099999994505 ] ] ] ] } },
{ "type": "Feature", "properties": { "OBJECTID": 234, "编码": "HMC-4-012", "OBJECTID_1": 193, "序号": "193", "村": "红煤厂", "编号": "HMC-4-012", "组别": "三组", "宅基地坐落": "北京市房山区佛子庄乡红煤厂村二区37号", "产权人": "谢书莲", "联系电话": "18201299038\n13488677038（之女）", "建成节点1982": "前", "新老宅": "老", "建成节点2021": "前", "宅基地面积": 235.29, "建筑面积": 92.92, "认定人口": 4, "是否确权": "是", "是否交房": "是", "是否签约": "是", "是否组卷": "是", "是否过审": "是", "是否拆房": "", "合同金额_（元）": 705834.8, "已支付金额_（元）": 0, "本次支付": 705834.8, "层数": 1, "进度状态": 5, "Shape_Length": 61.699885563016011, "Shape_Area": 235.28904051984208 }, "geometry": { "type": "MultiPolygon", "coordinates": [ [ [ [ 115.841029901984456, 39.823288069686015, 200.692899999994552 ], [ 115.841168061285487, 39.823352062318619, 200.692899999994552 ], [ 115.841270597485845, 39.823220441386106, 200.692899999994552 ], [ 115.841132438347429, 39.823156448876638, 200.692899999994552 ], [ 115.841029901984456, 39.823288069686015, 200.692899999994552 ] ] ] ] } },
{ "type": "Feature", "properties": { "OBJECTID": 235, "编码": "HMC-4-013", "OBJECTID_1": 194, "序号": "194", "村": "红煤厂", "编号": "HMC-4-013", "组别": "二组", "宅基地坐落": "北京市房山区佛子庄乡红煤厂村一区4号", "产权人": "孙秀芹", "联系电话": "13716822701", "建成节点1982": "前", "新老宅": "老", "建成节点2021": "前", "宅基地面积": 120.6, "建筑面积": 0.0, "认定人口": 1, "是否确权": "是", "是否交房": "是", "是否签约": "是", "是否组卷": "", "是否过审": "", "是否拆房": "", "合同金额_（元）": null, "已支付金额_（元）": null, "本次支付": null, "层数": 1, "进度状态": 3, "Shape_Length": 44.100168567112412, "Shape_Area": 120.60086110206437 }, "geometry": { "type": "MultiPolygon", "coordinates": [ [ [ [ 115.841238935691862, 39.824145661684163, 203.615200000000186 ], [ 115.841375782620474, 39.824122337260384, 203.615200000000186 ], [ 115.841350448446036, 39.824033966383375, 203.615200000000186 ], [ 115.841213601685695, 39.82405729078004, 203.615200000000186 ], [ 115.841238935691862, 39.824145661684163, 203.615200000000186 ] ] ] ] } },
{ "type": "Feature", "properties": { "OBJECTID": 236, "编码": "HMC-4-014", "OBJECTID_1": 195, "序号": "195", "村": "红煤厂", "编号": "HMC-4-014", "组别": "四组", "宅基地坐落": "北京市房山区佛子庄乡红煤厂村二区75号", "产权人": "李秀敏", "联系电话": "13671222399", "建成节点1982": "前", "新老宅": "老", "建成节点2021": "前", "宅基地面积": 335.45, "建筑面积": 155.46, "认定人口": 1, "是否确权": "是", "是否交房": "是", "是否签约": "是", "是否组卷": "是", "是否过审": "是", "是否拆房": "", "合同金额_（元）": 1040122.15, "已支付金额_（元）": 0, "本次支付": 1040122.15, "层数": 1, "进度状态": 5, "Shape_Length": 73.899957213090744, "Shape_Area": 335.44466384959304 }, "geometry": { "type": "MultiPolygon", "coordinates": [ [ [ [ 115.840086908556486, 39.824632611686582, 0.0 ], [ 115.840213970807113, 39.824793313164413, 0.0 ], [ 115.840374023570959, 39.824718075494978, 0.0 ], [ 115.840246959924812, 39.824557373274921, 0.0 ], [ 115.840086908556486, 39.824632611686582, 0.0 ] ] ] ] } },
{ "type": "Feature", "properties": { "OBJECTID": 237, "编码": "HMC-4-015", "OBJECTID_1": 196, "序号": "196", "村": "红煤厂", "编号": "HMC-4-015", "组别": "四组", "宅基地坐落": "北京市房山区佛子庄乡红煤厂村二区75号内2号", "产权人": "姜硕", "联系电话": "15210495476\n15611963144", "建成节点1982": "后", "新老宅": "新", "建成节点2021": "前", "宅基地面积": 191.36, "建筑面积": 56.62, "认定人口": 1, "是否确权": "是", "是否交房": "是", "是否签约": "是", "是否组卷": "", "是否过审": "", "是否拆房": "", "合同金额_（元）": null, "已支付金额_（元）": null, "本次支付": null, "层数": 1, "进度状态": 3, "Shape_Length": 73.899861258668807, "Shape_Area": 335.44376321955963 }, "geometry": { "type": "MultiPolygon", "coordinates": [ [ [ [ 115.840288143825688, 39.824528497927076, 176.367400000002817 ], [ 115.840410838116981, 39.824691205324811, 176.367400000002817 ], [ 115.840572887477748, 39.824618554083791, 176.367400000002817 ], [ 115.840450192925061, 39.824455846851798, 176.367400000002817 ], [ 115.840288143825688, 39.824528497927076, 176.367400000002817 ] ] ] ] } }
]
}
